system_id,true_event_class,pred_event_class,flare_prob,transit_prob,master_seed,anomaly_class,label_has_flares,label_has_transit,star_mass,star_teff,star_logg,flare_amplitude,transit_period,transit_radius_earth,drift
sys_1484,neither,neither,0.008669614791870117,0.1604723036289215,4743073,0,0,0,1.18828125,4421.998627619432,3.858408873422484,0.0,0.0,0.0,max
sys_0671,flare,both,0.9083183407783508,0.30365872383117676,1911684,1,1,0,1.08046875,5329.192195656297,4.358002359212743,633.3885446272872,0.0,0.0,none
sys_0676,transit,neither,0.0007509348215535283,0.14636221528053284,4225073,2,0,1,1.15546875,6234.176709970716,4.376047706575268,0.0,24.39308490867417,1.6391730881613165,none
sys_0223,both,both,0.9998593330383301,0.3242945075035095,8629967,3,1,1,1.166015625,6163.667340566449,4.384303666728608,3948.050344008616,6.584110847478335,0.9889191451383784,none
sys_0792,flare,both,0.9786896109580994,0.3202778697013855,5665263,1,1,0,1.10625,6002.652647963925,4.100070891767635,1518.127180065703,0.0,0.0,none
sys_1089,neither,neither,0.0012001559371128678,0.11102230101823807,2179532,0,0,0,1.166015625,6180.830359652883,4.275573070037761,0.0,0.0,0.0,max
sys_1250,both,both,1.0,0.3075348734855652,6343280,3,1,1,0.94921875,5967.48095142944,4.322556982683438,12303.070627236662,17.40875397251817,2.4527278106206363,low
sys_0945,neither,neither,0.0006938292062841356,0.13364075124263763,3721291,0,0,0,1.13671875,6280.674472535585,4.430037148897363,0.0,0.0,0.0,none
sys_0710,neither,neither,0.0006530038081109524,0.12467685341835022,8985494,0,0,0,1.16015625,6243.175983202328,4.418057825165079,0.0,0.0,0.0,none
sys_0469,neither,neither,0.0005937372916378081,0.1259382665157318,8187045,0,0,0,1.18828125,6186.505038872055,4.327212705291414,0.0,0.0,0.0,none
sys_0750,both,both,0.9999935626983643,0.3309793770313263,4083399,3,1,1,1.17421875,6224.865368577799,4.239009683666473,10915.759560071076,3.607313107693724,1.6233623741506944,none
sys_1022,transit,neither,0.0007080514333210886,0.24283626675605774,1830027,2,0,1,0.90703125,5546.998374022547,4.497192490466718,0.0,6.085813150162488,1.87592890563822,low
sys_0398,neither,neither,0.0005286323139443994,0.12391209602355957,9428629,0,0,0,1.194140625,6557.923406817632,4.220513171256659,0.0,0.0,0.0,none
sys_1347,transit,neither,0.0011289578396826982,0.11722869426012039,3466193,2,0,1,0.98671875,5903.6697548121965,4.327218081479823,0.0,2.735365193808032,0.4362198750028466,high
sys_0401,flare,neither,0.011976876296103,0.13758748769760132,2324952,1,1,0,1.147265625,6263.900752646447,4.265005131101102,813.272027012241,0.0,0.0,none
sys_1197,flare,both,0.9996646642684937,0.3563416600227356,1045495,1,1,0,0.94453125,4180.170245405147,4.059865557119779,3554.436497500549,0.0,0.0,low
sys_0581,transit,neither,0.0006565095391124487,0.13183854520320892,7739146,2,0,1,1.08046875,5908.626185583712,4.340036971271042,0.0,3.744463444949673,0.3693968343412561,none
sys_1111,neither,neither,0.0008898938540369272,0.12081504613161087,2173376,0,0,0,1.0171875,6012.357111877766,4.16509694781784,0.0,0.0,0.0,low
sys_1102,both,flare,0.9977490305900574,0.2662428319454193,7731775,3,1,1,1.15546875,6226.248319327428,4.387458307379484,4117.083048580619,3.884473263298968,0.884493877103342,low
sys_1380,transit,neither,0.0007442505448125303,0.12954553961753845,9019384,2,0,1,0.91875,5535.1417194551095,4.53588547382022,0.0,2.531817094772656,1.0244193688695231,medium
sys_0266,transit,neither,0.00043428014032542706,0.12679927051067352,5370630,2,0,1,1.00078125,5832.001576295078,4.418772105323088,0.0,37.142652510459286,0.551202124208136,none
sys_0058,flare,both,0.996966540813446,0.3271055221557617,7391939,1,1,0,1.081640625,6128.617436262274,4.298045253750503,4204.155510918881,0.0,0.0,none
sys_0803,transit,transit,0.00026821470237337053,0.4612078070640564,5586684,2,0,1,1.194140625,6508.808957955574,4.190774746178439,0.0,24.531364788912523,2.951068751860298,none
sys_0441,transit,transit,4.59314942418132e-05,0.9942018389701843,1437914,2,0,1,0.9328125,5860.033395644038,4.445480037124209,0.0,25.69592816414411,5.443566648873135,none
sys_0239,transit,neither,0.000622385588940233,0.13146032392978668,8280527,2,0,1,1.06171875,4753.431832573299,4.305624840652505,0.0,15.893930794844367,0.5183485999916274,none
sys_0181,neither,neither,0.0007125145639292896,0.12499675154685974,4955761,0,0,0,1.0078125,5811.993313298231,4.5019806999647,0.0,0.0,0.0,none
sys_1455,both,neither,0.008669614791870117,0.1604723036289215,8911894,3,1,1,0.91875,5702.53220557029,4.415428670647682,5440.526846980496,45.87431753290102,2.3101775464916883,low
sys_0232,both,both,0.9996762275695801,0.3360498547554016,5394955,3,1,1,1.05703125,5876.462388995156,4.459133147277902,5153.257567802865,43.07565529351832,1.6022476940999557,none
sys_1269,neither,neither,0.0009306525462307036,0.11013226211071014,6300145,0,0,0,0.903515625,5423.938607345607,4.467241649413413,0.0,0.0,0.0,max
sys_0049,transit,neither,0.0006234156317077577,0.12853562831878662,9829546,2,0,1,1.156640625,6076.623364873835,4.181065471112367,0.0,61.80695293454862,0.2756351420132459,none
sys_0812,transit,neither,0.0006092340918257833,0.13023972511291504,8003539,2,0,1,1.0640625,6297.941373430144,4.289215580903312,0.0,8.353793759301348,0.4751020625082991,none
sys_1261,neither,neither,0.0006299479864537716,0.11991243809461594,8172981,0,0,0,1.1953125,6482.630921253946,4.216797402626885,0.0,0.0,0.0,low
sys_0701,neither,neither,0.0008291988051496446,0.12825258076190948,3651228,0,0,0,0.9890625,5738.31095742022,4.273485848525209,0.0,0.0,0.0,none
sys_0877,neither,neither,0.0007225282024592161,0.15145641565322876,2316881,0,0,0,1.021875,4286.253932045731,3.9108222474004872,0.0,0.0,0.0,none
sys_1426,neither,neither,0.008669614791870117,0.1604723036289215,4676730,0,0,0,0.978515625,5695.042069508849,4.5201158973926905,0.0,0.0,0.0,low
sys_1439,both,neither,0.008669614791870117,0.1604723036289215,4076971,3,1,1,1.1296875,6363.008713715593,4.324302631570583,1448.8292786264176,41.7211114925972,0.780004641037863,low
sys_0505,transit,transit,0.00014403775276150554,0.7187925577163696,3239345,2,0,1,1.166015625,6129.312257846308,4.234070583544891,0.0,66.42299720918903,6.440063746778256,none
sys_0129,both,both,0.9959061145782471,0.6099342107772827,6393274,3,1,1,1.1953125,6520.757106304323,4.35453815433664,2444.007634062031,44.62961312949686,7.73967189914506,none
sys_1097,neither,neither,0.0011477393563836813,0.11408299207687378,7469274,0,0,0,1.08046875,5872.059231677225,4.204812003909787,0.0,0.0,0.0,medium
sys_1004,flare,neither,0.008669614791870117,0.1604723036289215,9718498,1,1,0,0.94921875,5750.244611114628,4.553445538088529,13462.754757833389,0.0,0.0,max
sys_0902,neither,neither,0.0008262894698418677,0.12328170239925385,3930661,0,0,0,1.02421875,5992.783293182228,4.33364794221473,0.0,0.0,0.0,none
sys_0244,both,both,1.0,0.29262426495552063,8930013,3,1,1,1.109765625,6348.828451021229,4.331894563120803,12997.74030157503,20.11883121426637,4.573643784404556,none
sys_0869,both,neither,0.004230333957821131,0.1410703957080841,5402871,3,1,1,1.06640625,6015.239878227508,4.3050827032436025,787.565392721332,32.97033001335544,0.8660600220497291,none
sys_1020,flare,both,0.9924635887145996,0.3091215491294861,6841643,1,1,0,1.194140625,6580.046433935303,4.238170495887791,4206.153850854845,0.0,0.0,low
sys_0669,both,both,0.9931496977806091,0.3817242980003357,2151513,3,1,1,1.16484375,6107.158247031991,4.367844188846702,2009.351342634401,78.67952370129312,2.7645096302541683,none
sys_1334,flare,both,0.9999963045120239,0.2946344017982483,9699658,1,1,0,1.1765625,6261.911468500582,4.266497580768301,7939.484626586833,0.0,0.0,high
sys_0852,flare,flare,0.9999998807907104,0.24102865159511566,6369815,1,1,0,1.01015625,5856.698124439673,4.346644657879367,12493.182251650092,0.0,0.0,none
sys_1325,neither,neither,0.001192086492665112,0.11411195248365402,5204363,0,0,0,1.14140625,6142.772370692396,4.35524925770555,0.0,0.0,0.0,medium
sys_1226,neither,neither,0.0008374058525077999,0.12143667042255402,9686546,0,0,0,0.928125,5513.396209939275,4.452667557166028,0.0,0.0,0.0,medium
sys_0492,neither,neither,0.0005563815357163548,0.15326692163944244,1541005,0,0,0,0.94453125,4171.955325115278,4.094113607837867,0.0,0.0,0.0,none
sys_0958,transit,neither,0.0007493089651688933,0.17259952425956726,7389790,2,0,1,1.0359375,4208.455979636575,3.958103364758341,0.0,9.22420208361986,1.849645954757088,none
sys_1348,both,transit,0.0022158531937748194,0.8844208717346191,1732491,3,1,1,1.156640625,6082.47660436974,4.191739245736399,672.0932090820105,11.124025609601144,3.847677892336665,max
sys_0728,transit,transit,0.00010773792018881068,0.8833149671554565,4295232,2,0,1,0.97734375,5540.933224542541,4.523632559766994,0.0,4.224033441928532,3.44348453669286,none
sys_1011,neither,neither,0.0012037289561703801,0.11731326580047607,3801350,0,0,0,0.90234375,5441.960069176339,4.5595621674560975,0.0,0.0,0.0,medium
sys_1204,flare,both,0.9997901320457458,0.33796489238739014,3253826,1,1,0,0.928125,5592.319111877562,4.326825737497573,4120.261646602671,0.0,0.0,low
sys_1443,neither,neither,0.008669614791870117,0.1604723036289215,9306326,0,0,0,1.07109375,5081.2140502675575,4.324923403512543,0.0,0.0,0.0,medium
sys_0294,neither,neither,0.0006212918669916689,0.14637106657028198,6247736,0,0,0,1.06640625,4312.073421508801,4.064058427624523,0.0,0.0,0.0,none
sys_1353,both,flare,1.0,0.23653025925159454,5940813,3,1,1,1.17421875,6268.7347929375055,4.291212692991169,11348.991371712036,53.69797897417867,0.5414106027212096,max
sys_0100,both,both,0.9999998807907104,0.6903144121170044,3908873,3,1,1,0.94921875,5827.293394040745,4.503750038603087,15123.93634286734,33.04071459415714,10.764023944789765,none
sys_0684,flare,flare,0.725734531879425,0.25343838334083557,4583987,1,1,0,1.171875,6204.0639852481245,4.032434747898372,979.3153521373332,0.0,0.0,none
sys_0649,neither,neither,0.000709882820956409,0.1289251446723938,3691531,0,0,0,0.92109375,5581.531581619736,4.5449441246844255,0.0,0.0,0.0,none
sys_0148,neither,neither,0.0007699115667492151,0.1349254995584488,4698511,0,0,0,1.17421875,6212.569743775216,4.231192226476377,0.0,0.0,0.0,none
sys_0379,both,both,0.9849994778633118,0.8264988660812378,9275228,3,1,1,1.01015625,5733.487997271308,4.486977900756739,1260.855010480769,13.05855469837944,3.760901729002605,none
sys_0984,both,both,0.7274475693702698,0.9999994039535522,1159511,3,1,1,1.1015625,5920.513950941366,4.351726916383024,1952.380630815639,12.880469389016218,13.367210786670304,none
sys_0444,transit,neither,0.00042902317363768816,0.18987809121608734,4462799,2,0,1,1.03125,6003.293048462773,4.043526478610754,0.0,15.062822574716748,2.328783228542912,none
sys_0340,flare,both,0.9999614953994751,0.313676655292511,2706884,1,1,0,1.1765625,6200.564253615931,4.220389364005705,4849.250377221425,0.0,0.0,none
sys_1205,neither,neither,0.0009247665293514729,0.11722970753908157,3902519,0,0,0,1.04765625,6134.145248670924,4.453100286809886,0.0,0.0,0.0,low
sys_0714,both,both,0.990980327129364,0.34809553623199463,5345695,3,1,1,0.95625,5838.568235398025,4.308662166828329,1100.1055756044198,2.96667506010704,1.5311841398138897,none
sys_0738,transit,neither,0.0006492695538327098,0.12471216171979904,2776454,2,0,1,1.1953125,6444.696823578383,4.160752926418432,0.0,26.246734357837205,0.4023799317134033,none
sys_0769,transit,transit,9.53886192291975e-05,0.9881316423416138,4973697,2,0,1,1.109765625,6334.366134717315,4.249815807339697,0.0,5.462049723749909,5.100358425266629,none
sys_1407,neither,neither,0.008669614791870117,0.1604723036289215,1462126,0,0,0,1.16484375,6167.666449712097,4.253385652124349,0.0,0.0,0.0,low
sys_0901,neither,neither,0.00070111860986799,0.12107549607753754,8396488,0,0,0,1.16484375,6066.718116655577,4.097715560216688,0.0,0.0,0.0,none
sys_0154,transit,neither,0.0007104100077413023,0.12404227256774902,6071114,2,0,1,0.903515625,5506.9101677986,4.380340936642842,0.0,3.025375676373599,0.3188881583222357,none
sys_0094,neither,neither,0.0006554139545187354,0.1294349581003189,3224334,0,0,0,1.1859375,6418.668462234556,4.105339404649798,0.0,0.0,0.0,none
sys_0414,neither,neither,0.0006978738238103688,0.12232831120491028,1960313,0,0,0,1.02421875,5975.552940431127,4.381374995554085,0.0,0.0,0.0,none
sys_0109,flare,neither,0.0053436486050486565,0.13945336639881134,7583388,1,1,0,1.1847656249999998,6360.881171924047,4.296402184811685,758.3554671811006,0.0,0.0,none
sys_0973,transit,neither,0.0005776976468041539,0.12989656627178192,2539097,2,0,1,1.04765625,6167.084249071822,4.419270737562734,0.0,33.46159472053019,1.1232534944345896,none
sys_0185,neither,neither,0.0005776728503406048,0.13202360272407532,1269557,0,0,0,1.14375,6284.62072209296,4.415038912465526,0.0,0.0,0.0,none
sys_0773,transit,neither,0.0007158798980526626,0.1480702906847,8466620,2,0,1,1.1847656249999998,6355.235280033678,4.271268177151003,0.0,27.6349152703368,1.9076786503134733,none
sys_1460,neither,neither,0.008669614791870117,0.1604723036289215,5411867,0,0,0,0.92109375,5582.774649584527,4.544340496562037,0.0,0.0,0.0,medium
sys_1358,flare,both,0.997198224067688,0.35633155703544617,4598054,1,1,0,0.997265625,5845.979930117964,4.507110624104857,1622.141288094624,0.0,0.0,low
sys_0141,both,both,0.8713700771331787,0.28830599784851074,8560086,3,1,1,0.9515625,5881.243797221312,4.241766942542654,750.2135700671389,20.93641685520352,1.1278266446998473,none
sys_0440,transit,transit,0.00013654708163812757,0.7284033894538879,8965728,2,0,1,0.94921875,5825.673567214977,4.504802823353586,0.0,34.45808898794662,3.2815928260119485,none
sys_0832,transit,neither,0.00042095244862139225,0.19322369992733002,4320461,2,0,1,1.18828125,6184.6042349675445,4.2867009257097575,0.0,75.49546188636155,2.390970257991813,none
sys_1442,neither,neither,0.008669614791870117,0.1604723036289215,2893929,0,0,0,1.11328125,6166.716742726153,4.258145837176017,0.0,0.0,0.0,high
sys_0615,transit,transit,0.00010171894246013835,0.9313123822212219,3203232,2,0,1,0.90703125,5409.315477297889,4.565002831737743,0.0,15.51709432482065,2.785935629887644,none
sys_0575,flare,flare,0.9999992847442627,0.25580576062202454,5934338,1,1,0,1.194140625,6526.730550310788,4.200767770309876,7630.829478344718,0.0,0.0,none
sys_0702,both,both,0.9997804760932922,0.31982484459877014,4994762,3,1,1,0.97265625,5972.01261371031,4.234904407318803,8417.307384943068,23.18238603232095,0.4745582370288252,none
sys_1025,both,neither,0.3890770375728607,0.20402154326438904,9784159,3,1,1,1.147265625,6198.156641734019,4.217303192004104,794.6734748811922,79.27458647188305,2.0465609142474963,max
sys_0156,flare,both,0.9963739514350891,0.302562415599823,6092165,1,1,0,1.053515625,6144.0230755759,4.14260676378496,3130.0087387543194,0.0,0.0,none
sys_0660,flare,both,0.946506917476654,0.31334754824638367,2174109,1,1,0,1.14375,6269.129181844631,4.166849531235949,757.5633778017889,0.0,0.0,none
sys_0885,flare,both,0.9983866214752197,0.34009769558906555,5325891,1,1,0,1.147265625,6246.781697990772,4.248644096830895,2461.293235583156,0.0,0.0,none
sys_0745,flare,both,0.9999183416366577,0.3186016082763672,6887196,1,1,0,0.9421875,5867.374877943466,4.4290330281562245,4074.463582310714,0.0,0.0,none
sys_0467,neither,neither,0.0008607374038547277,0.13250023126602173,8182815,0,0,0,0.90703125,5683.381898152605,4.32495346816702,0.0,0.0,0.0,none
sys_1154,both,both,0.999993085861206,0.3267032206058502,8802552,3,1,1,0.928125,5528.025507341155,4.439571500035838,7155.825887971413,60.88247352269455,4.0163434098181945,low
sys_0054,transit,neither,0.0008999809506349266,0.1302826851606369,1215176,2,0,1,1.1906249999999998,6094.874478618298,4.215253860270818,0.0,23.15049421500376,0.4610252723357418,none
sys_0325,transit,transit,0.0004020701162517071,0.38605138659477234,5388979,2,0,1,1.171875,6251.964649886315,4.074261760395489,0.0,3.0835791042017,3.0588495831086058,none
sys_0202,flare,both,0.9981288313865662,0.3422842025756836,1719566,1,1,0,0.94921875,5855.825986880258,4.1099700379606965,1927.25663058332,0.0,0.0,none
sys_1266,neither,neither,0.00106913095805794,0.11658619344234467,1987266,0,0,0,0.9375,5402.183791213703,4.543807258416477,0.0,0.0,0.0,max
sys_0253,neither,neither,0.000458457536296919,0.12530620396137238,5333903,0,0,0,0.92578125,5393.530895729748,4.553459904689191,0.0,0.0,0.0,none
sys_1171,both,flare,0.640383780002594,0.2446599304676056,4726506,3,1,1,1.1906249999999998,6183.0242815462125,4.278479424220613,756.8809572831491,67.42818226028761,1.3778894656367948,low
sys_0732,both,both,0.9954223036766052,0.4229406714439392,9771290,3,1,1,1.1859375,6464.888771416855,4.225703568765128,1231.3481468764066,52.1629395092228,3.676497089089618,none
sys_0802,both,neither,0.28462454676628113,0.19857753813266754,6513111,3,1,1,1.034765625,5827.179551351185,4.465104705759687,719.7815148107861,2.891710942067011,0.3203325266746987,none
sys_0840,neither,neither,0.000643501291051507,0.12525081634521484,7403299,0,0,0,1.156640625,6127.375158715998,4.352221510368559,0.0,0.0,0.0,none
sys_0818,flare,both,0.9999489784240723,0.31685927510261536,7978905,1,1,0,1.05703125,5932.701685912664,4.2121974513046325,4915.30168662037,0.0,0.0,none
sys_0451,neither,neither,0.0006760976393707097,0.12674084305763245,7707510,0,0,0,0.97734375,5691.057677959212,4.198747014903147,0.0,0.0,0.0,none
sys_1314,both,flare,0.8085407614707947,0.25187167525291443,9124212,3,1,1,1.0359375,5716.576530649358,4.461581651275196,887.5516053269452,7.260984561451799,0.8786074823930993,max
sys_1302,neither,neither,0.0010778357973322272,0.11916497349739075,6088405,0,0,0,1.14375,6302.173136597078,4.395329624536135,0.0,0.0,0.0,medium
sys_0721,neither,neither,0.00047108973376452923,0.12620989978313446,4155849,0,0,0,0.978515625,5869.269480204639,4.328621854551083,0.0,0.0,0.0,none
sys_0941,both,flare,0.999998927116394,0.2770606279373169,4271076,3,1,1,1.00078125,5865.685321016297,4.269038647095779,15072.434765088792,2.118259397998492,1.4057745341910168,none
sys_1414,neither,neither,0.008669614791870117,0.1604723036289215,5595826,0,0,0,1.1765625,6254.204647118874,4.257651165912179,0.0,0.0,0.0,low
sys_0908,transit,transit,9.927903738571331e-05,0.9999715089797974,7407580,2,0,1,1.01015625,5846.122667347088,4.261205369778053,0.0,20.10262701631702,8.758055983464887,none
sys_1256,both,both,0.8868783712387085,0.9974741339683533,8264226,3,1,1,0.922265625,5721.165480189336,4.423954663768171,1717.4208466519603,4.617498272118559,8.926642121257624,low
sys_0938,neither,neither,0.0005928170285187662,0.12363303452730179,2346602,0,0,0,1.1906249999999998,6135.029719806975,4.413619508899944,0.0,0.0,0.0,none
sys_0593,transit,transit,0.0004392278497107327,0.9101659059524536,1462181,2,0,1,1.1859375,6375.543861083632,4.0739021707390215,0.0,2.298679816169696,4.657882930224112,none
sys_0151,both,both,0.8414411544799805,0.2973685562610626,3455782,3,1,1,0.9375,4246.828294636011,3.4939982432804406,1298.2625705425646,2.7816640250172697,1.963407618231117,none
sys_1330,neither,neither,0.0011664634803310037,0.11273258179426193,3829312,0,0,0,0.9515625,5820.00821863786,4.454845419568915,0.0,0.0,0.0,max
sys_0130,transit,neither,0.0004212235799059272,0.16530519723892212,6877206,2,0,1,1.02890625,5774.030771818258,4.49196175045562,0.0,41.84264674968473,1.7256162043963048,none
sys_0884,both,both,0.9995680451393127,0.29406309127807617,6290634,3,1,1,1.04765625,6214.303253072895,4.286951638170391,5738.533290128274,3.511813445312224,1.5052791456023276,none
sys_1005,neither,neither,0.008669614791870117,0.1604723036289215,7359024,0,0,0,1.10390625,6208.690590264817,4.413214656428997,0.0,0.0,0.0,low
sys_0431,transit,transit,1.5511587569960739e-09,1.0,5936534,2,0,1,1.0921875,5589.947985104564,4.28647585850446,0.0,2.249026257603328,24.5641394979606,none
sys_1108,both,both,0.984623372554779,0.35477614402770996,1305730,3,1,1,1.15546875,6210.077081455511,4.407215822533418,1139.0240155373683,12.971494937854915,2.0695526888379066,low
sys_0217,flare,both,0.9999872446060181,0.34286001324653625,6278685,1,1,0,0.9328125,5905.909025168886,4.384448348744923,7508.929905321077,0.0,0.0,none
sys_0328,transit,transit,0.00016562244854867458,0.8554443717002869,3749566,2,0,1,1.0734375,6038.6264832752,4.3390533318932105,0.0,2.840221897424641,3.809158875362116,none
sys_1367,transit,neither,0.0007167751900851727,0.11669661104679108,5612764,2,0,1,0.9890625,5560.548937293081,4.521192009265125,0.0,6.9167017856248565,0.7127241222384898,low
sys_0247,flare,neither,0.005296096671372652,0.14018882811069489,4990494,1,1,0,1.147265625,6270.017613631042,4.273678734148263,612.9438408303613,0.0,0.0,none
sys_1028,flare,neither,0.08920601010322571,0.1775968074798584,6811374,1,1,0,1.1015625,5779.110290501443,4.490771023755894,587.6029179485869,0.0,0.0,low
sys_1458,neither,neither,0.008669614791870117,0.1604723036289215,6673532,0,0,0,1.156640625,6135.161943378361,4.317364758341367,0.0,0.0,0.0,high
sys_0176,flare,neither,0.23931841552257538,0.20594966411590576,1871890,1,1,0,0.903515625,3988.730833527845,4.113453239386225,760.4888722177426,0.0,0.0,none
sys_0821,flare,both,0.974045991897583,0.32954099774360657,9020585,1,1,0,1.06875,6148.371994547284,4.414908278012118,1076.6890355846754,0.0,0.0,none
sys_0582,both,both,0.9985395669937134,0.36493006348609924,4425763,3,1,1,1.04296875,5844.390435471143,4.252207405991763,3123.480527903334,90.1386157900919,2.412830091377991,none
sys_0195,flare,both,0.9986907839775085,0.34412479400634766,1821451,1,1,0,0.9609375,4233.73121351484,3.882583996926401,3230.838053831308,0.0,0.0,none
sys_0240,neither,neither,0.000620153034105897,0.12500351667404175,5710608,0,0,0,0.903515625,5206.604607793942,4.572625054967767,0.0,0.0,0.0,none
sys_0341,flare,both,0.9959716200828552,0.3284544348716736,7761495,1,1,0,0.97265625,5975.800823822126,4.375697658569036,3895.3673886310753,0.0,0.0,none
sys_0134,transit,transit,2.5591371013433672e-05,0.9946255087852478,4406707,2,0,1,1.1765625,6266.7730430507645,4.273869096598517,0.0,61.75711088946385,13.593166182970805,none
sys_1297,flare,neither,0.02473301999270916,0.13764604926109314,9254295,1,1,0,1.1847656249999998,6349.363152763493,4.35265347729556,636.2103842526484,0.0,0.0,max
sys_0891,neither,neither,0.0006155320443212986,0.12533223628997803,4446147,0,0,0,1.171875,6384.794083818283,4.352900228002508,0.0,0.0,0.0,none
sys_0041,transit,neither,0.0008138128323480487,0.17898757755756378,2397120,2,0,1,1.18828125,6172.961752126451,4.363638840551183,0.0,3.032193955964734,2.012781327650748,none
sys_0928,flare,both,0.9883773922920227,0.340526282787323,9940693,1,1,0,1.06875,4519.208292209231,3.6541552244983673,1237.934869048698,0.0,0.0,none
sys_0321,flare,both,0.9999257326126099,0.3071223199367523,1171377,1,1,0,0.984375,4321.448069955409,4.218922511152712,7066.256184557162,0.0,0.0,none
sys_0491,both,both,0.9999949932098389,0.31314152479171753,6284208,3,1,1,1.044140625,4420.953601235638,4.302157260333037,15295.221062535336,8.189165160622832,1.59735003158953,none
sys_0749,both,both,0.9999412298202515,0.3323482275009155,2931400,3,1,1,1.0125,4365.026634880914,3.5858396235081647,7547.06849803002,54.83726890579421,2.924060599918849,none
sys_0276,transit,transit,0.0002720051852520555,0.3510313928127289,5962210,2,0,1,0.92578125,5503.151622499551,4.500569864173884,0.0,27.50311373127841,2.0546637316655136,none
sys_1452,transit,neither,0.008669614791870117,0.1604723036289215,5328765,2,0,1,1.1847656249999998,6314.778209142915,4.403509050261252,0.0,4.897083051856995,0.96906402912465,max
sys_0499,both,both,0.9940529465675354,0.3444786071777344,6611741,3,1,1,1.10390625,6207.083479647148,4.414985774290907,1879.8626465373047,20.371156363303204,1.5744450268273362,none
sys_1377,both,flare,0.9999998807907104,0.26944389939308167,5523029,3,1,1,1.07109375,6056.713053603472,4.39913789543172,18480.49216891945,24.95198524352234,0.7062965673006748,medium
sys_1145,flare,neither,0.016621368005871773,0.1402885913848877,4071507,1,1,0,1.02421875,5851.894670200332,4.50153762573724,531.8800208230987,0.0,0.0,max
sys_0303,both,both,0.9713456630706787,0.3649648129940033,1761887,3,1,1,1.10625,6117.038257421425,4.291038682021528,1595.4516583531415,31.23541281321606,2.4915433667265745,none
sys_1013,both,both,0.9447920322418213,0.5985596179962158,2023326,3,1,1,0.92578125,5541.911795708594,4.475913790443966,2424.070039391903,3.666858676798277,3.320188920554016,max
sys_0996,flare,both,0.9782505631446838,0.32263433933258057,4611807,1,1,0,0.9421875,5850.3928457875845,4.447666237569573,2915.320649030886,0.0,0.0,none
sys_0007,both,both,0.832510769367218,0.42141517996788025,4096177,3,1,1,1.0359375,5678.339416102403,4.487582509444258,1230.9256339293752,14.763524039864825,2.382656126120965,none
sys_0357,both,both,1.0,0.30964720249176025,8794536,3,1,1,0.96796875,5691.869909392987,4.409356455558791,15461.62257126506,10.123904401314242,1.096880374519719,none
sys_0579,both,both,0.9995649456977844,0.33366942405700684,8580223,3,1,1,1.10390625,6097.001052217263,4.05867407140681,7564.254583027995,5.816606375323167,0.7811613153336392,none
sys_1482,flare,neither,0.008669614791870117,0.1604723036289215,1793537,1,1,0,1.0359375,5697.394335331579,4.475220161393064,1953.4190864319287,0.0,0.0,low
sys_1106,flare,both,0.9989467263221741,0.335355281829834,2181618,1,1,0,0.90703125,5512.049257338891,4.5173220893303805,5374.07685558199,0.0,0.0,medium
sys_0118,transit,transit,8.324203372467309e-05,0.9231045246124268,1191883,2,0,1,1.1906249999999998,6164.42342918705,4.257188640173678,0.0,21.03759851842976,3.6624644892557794,none
sys_0155,transit,neither,0.0005014645867049694,0.18112803995609283,8886392,2,0,1,1.09453125,5852.006777863771,4.28787283452436,0.0,52.809814900383046,2.328475082347223,none
sys_0355,neither,neither,0.0006509722443297505,0.13006551563739777,4158423,0,0,0,0.91875,5654.058229095735,4.463721297004525,0.0,0.0,0.0,none
sys_0471,neither,neither,0.0006840305286459625,0.12931956350803375,4733446,0,0,0,1.0125,5797.379534029203,4.159631740621713,0.0,0.0,0.0,none
sys_0295,transit,neither,0.0006469559739343822,0.12433140724897385,8302558,2,0,1,1.16953125,6349.68835777855,4.414675219671058,0.0,14.366373798570352,0.496130038421479,none
sys_1246,flare,both,0.9570114016532898,0.29195335507392883,8978716,1,1,0,1.147265625,6240.921791460675,4.400121198183789,2424.5070257728053,0.0,0.0,medium
sys_0120,both,both,0.989167332649231,0.37785637378692627,8631675,3,1,1,1.1859375,6497.611792846029,4.255338756318324,2324.9048588547416,61.1418315799205,0.9735749614953813,none
sys_1060,transit,transit,0.000289718562271446,0.4943470060825348,2603056,2,0,1,1.1906249999999998,6064.061173302932,4.19322939955936,0.0,31.861467517254404,3.4052676232753267,low
sys_1049,neither,neither,0.001229477347806096,0.11771214008331299,2083815,0,0,0,0.9375,5621.4004632652495,4.383576738102812,0.0,0.0,0.0,max
sys_0184,transit,transit,0.0003134502621833235,0.4751482903957367,4459964,2,0,1,1.03125,6175.972700349963,4.347979982575198,0.0,91.71179799122504,4.871889984127983,none
sys_0712,flare,both,0.9922491312026978,0.35508963465690613,3006970,1,1,0,0.94453125,4213.955679963779,3.9609577381722665,1494.477114930163,0.0,0.0,none
sys_0691,transit,neither,0.0006177152972668409,0.138635516166687,3571471,2,0,1,1.053515625,6218.371355536255,4.301330056110211,0.0,3.757912497178733,1.4753658589301843,none
sys_0426,both,both,0.8085665106773376,0.9772204756736755,7640083,3,1,1,1.1765625,6218.65559202459,4.230972099747599,1843.001425752043,2.407322721464,7.452044690874636,none
sys_1287,both,both,0.999030351638794,0.999954342842102,3739882,3,1,1,0.90234375,5543.725418304804,4.510494280216625,6266.787455405903,4.374816642561595,14.05170044880231,max
sys_0268,neither,neither,0.0006610173732042313,0.12376079708337784,3859504,0,0,0,1.17421875,6233.183512502306,4.244865392118752,0.0,0.0,0.0,none
sys_1333,both,neither,0.024455280974507332,0.16738902032375336,4992280,3,1,1,0.9609375,5786.956408989794,4.343387820946185,671.6678767109548,7.78717742357912,0.449901164225276,low
sys_0816,neither,neither,0.0006623419467359781,0.12527410686016083,5350015,0,0,0,1.166015625,6163.826562093754,4.257269284567523,0.0,0.0,0.0,none
sys_1341,neither,neither,0.0006016283296048641,0.12400105595588684,3834033,0,0,0,1.0546875,6016.102360688083,4.322022992241026,0.0,0.0,0.0,high
sys_0520,transit,neither,0.0006426815525628626,0.13240492343902588,4409219,2,0,1,1.166015625,6153.295241541417,4.397393616533147,0.0,19.015553407055062,0.7056202033360457,none
sys_0433,flare,flare,1.0,0.2658309042453766,8451160,1,1,0,1.156640625,6002.220527195948,4.089608236726311,18255.87133862072,0.0,0.0,none
sys_1317,transit,neither,0.0009397473186254501,0.1328502744436264,8965603,2,0,1,1.1765625,6217.183877595592,4.415891779376962,0.0,68.51779017937672,1.4108307444896788,low
sys_0849,transit,neither,0.0006629318231716752,0.12533237040042877,1802635,2,0,1,1.194140625,6452.717819526925,4.161482949425485,0.0,86.86376576982963,0.8629976723248857,none
sys_1488,flare,neither,0.008669614791870117,0.1604723036289215,9264196,1,1,0,1.147265625,6255.60979731738,4.256213571965323,2721.044425997237,0.0,0.0,max
sys_0735,transit,neither,0.0007177229272201657,0.12849946320056915,6193662,2,0,1,0.9609375,5575.921379411127,4.539348309019238,0.0,12.354788614143226,0.7802993346754127,none
sys_0265,both,both,0.9995748400688171,0.32747259736061096,6146830,3,1,1,1.05,5139.000428272589,4.346750220604956,3986.639887691493,15.829245743225762,1.5426156461645038,none
sys_0512,transit,neither,0.0006455443217419088,0.1319202482700348,1343076,2,0,1,1.1203125,4592.662260590101,4.206059743636043,0.0,4.956551025532239,1.2468126213793878,none
sys_0647,neither,neither,0.0006283787079155445,0.1273411363363266,8329449,0,0,0,0.928125,5293.633372084656,4.568283819304757,0.0,0.0,0.0,none
sys_0229,neither,neither,0.0009580408222973347,0.1288943588733673,9243176,0,0,0,1.11328125,6141.451441760511,4.202073246754421,0.0,0.0,0.0,none
sys_1018,both,both,0.9637936949729919,0.31798940896987915,2032786,3,1,1,0.9375,5393.787302263813,4.547438005152912,804.8435984646534,72.47953381580284,0.4129928889705195,high
sys_0212,flare,both,0.9994229078292847,0.31704652309417725,5357909,1,1,0,1.15546875,6223.949698055745,4.390512570021849,6371.087208729279,0.0,0.0,none
sys_0125,flare,both,0.9957159161567688,0.3183003067970276,4280227,1,1,0,0.94453125,5773.96403921335,4.418092141398675,2104.9338458550574,0.0,0.0,none
sys_0074,transit,neither,0.0009968641679733992,0.13145916163921356,4077816,2,0,1,1.1765625,6122.822949326426,4.069400557410865,0.0,4.839676801240384,0.2093815556633353,none
sys_0801,neither,neither,0.0006234495085664093,0.12600229680538177,8537941,0,0,0,1.08515625,6245.969837959042,4.411263343768255,0.0,0.0,0.0,none
sys_0065,flare,both,0.9999622106552124,0.3246573209762573,3549864,1,1,0,1.03125,6106.936403301146,4.450403658835167,11611.58523572706,0.0,0.0,none
sys_0515,both,flare,0.7550287246704102,0.2621389329433441,9103546,3,1,1,1.0125,4329.8957047200365,3.739333385385738,937.8060363239877,5.152309276686247,1.109069767222664,none
sys_0149,flare,both,0.9995604157447815,0.3354143798351288,2540764,1,1,0,1.034765625,5888.2814873371535,4.207748491709142,2531.1289955634,0.0,0.0,none
sys_0641,neither,neither,0.0006244851392693818,0.13078910112380981,7173610,0,0,0,1.17421875,6259.243873499966,4.27029192555625,0.0,0.0,0.0,none
sys_0419,both,both,0.9635829329490662,0.3240189552307129,8451338,3,1,1,1.06640625,6004.394114253924,4.364719182961236,1362.5078976575066,4.356028690736385,1.6288526242475012,none
sys_0987,both,both,0.9988952279090881,0.3543524444103241,5882549,3,1,1,0.95859375,4271.449971231533,3.662197620264748,2581.7532378685964,2.7267027449132386,1.5101623612588515,none
sys_0350,flare,both,0.9407340288162231,0.3262164890766144,9546487,1,1,0,1.06171875,4461.407684535783,3.698282341298409,762.4501862995704,0.0,0.0,none
sys_0136,transit,neither,0.0006332062766887248,0.12437129765748978,1251693,2,0,1,1.1859375,6466.882591169528,4.227130616181793,0.0,40.29058570930746,1.2703016424581433,none
sys_0173,flare,flare,0.9999995231628418,0.23111000657081604,5629077,1,1,0,0.92109375,5798.284082168755,4.33186837862046,14229.758182740556,0.0,0.0,none
sys_1127,both,both,0.9984627962112427,0.35478028655052185,8578483,3,1,1,1.003125,5924.688021713366,4.373384808745673,2253.320704109334,23.11711036133537,1.0242661556677402,medium
sys_0167,transit,transit,0.00011214520782232285,0.9633037447929382,5118971,2,0,1,1.021875,5891.853328795001,4.4383471250223625,0.0,29.92484229133932,4.987169238369174,none
sys_0175,transit,neither,0.0006315220380201936,0.12394943088293076,4145969,2,0,1,1.091015625,4494.71341107566,4.265126885328871,0.0,90.34686200074852,0.8583292487668704,none
sys_0254,neither,neither,0.0006192136788740754,0.1295911818742752,7361561,0,0,0,1.02421875,5826.007160567264,4.518859659704983,0.0,0.0,0.0,none
sys_1158,flare,neither,0.002172986278310418,0.12122809886932373,6344069,1,1,0,0.9515625,5780.614333335862,4.106767571474678,593.4194696952277,0.0,0.0,max
sys_0631,both,neither,0.31987661123275757,0.2216225415468216,1328081,3,1,1,1.05703125,5933.633749060683,4.214358840569724,703.3325563399007,6.771508015596812,1.964380568589714,none
sys_1311,neither,neither,0.0009813153883442283,0.11421742290258408,8950053,0,0,0,1.18359375,6546.97367332781,4.214084891183275,0.0,0.0,0.0,max
sys_1461,neither,neither,0.008669614791870117,0.1604723036289215,8542170,0,0,0,0.90703125,5445.818156072308,4.54928394786476,0.0,0.0,0.0,max
sys_0962,neither,neither,0.00047892844304442406,0.12253180891275406,2414543,0,0,0,1.0546875,5966.462734532036,4.4248533670499794,0.0,0.0,0.0,none
sys_1301,both,both,0.9277361631393433,0.3275408446788788,2902334,3,1,1,1.044140625,4839.033941929496,4.362627593253966,898.181460924804,2.327638603950374,0.4218522877939675,medium
sys_0373,transit,transit,0.0003584391961339861,0.6445716619491577,6902488,2,0,1,1.147265625,6202.429462749362,4.219805238263132,0.0,44.40180837491175,4.456401349291112,none
sys_0344,neither,neither,0.000607416732236743,0.12869784235954285,1561711,0,0,0,0.94921875,5938.688274744593,4.3962152194512445,0.0,0.0,0.0,none
sys_0836,both,both,0.8863528370857239,0.28694137930870056,6363864,3,1,1,1.18359375,6558.79691780087,4.222301368880204,1091.028987904598,60.85374649513162,1.8709006260824,none
sys_0462,flare,both,0.999737560749054,0.3391992449760437,2994170,1,1,0,1.16484375,4456.446279374492,3.827794641442384,4556.815915028481,0.0,0.0,none
sys_1351,both,both,0.8434323072433472,0.2814265787601471,7374517,3,1,1,1.194140625,6551.885699251694,4.216361040113283,872.2521521201938,8.55567470778169,0.8267069478413562,medium
sys_1467,both,neither,0.008669614791870117,0.1604723036289215,4796452,3,1,1,1.044140625,5838.979879817557,4.432081631709306,695.2281281233971,12.815431207102334,0.9095147289832994,max
sys_0690,neither,neither,0.0008968221955001354,0.126329243183136,9629814,0,0,0,0.97734375,5674.064396550669,4.432773500237205,0.0,0.0,0.0,none
sys_1121,neither,neither,0.0006745671271346509,0.1347435712814331,7448851,0,0,0,1.1765625,6251.216394388068,4.254729080135326,0.0,0.0,0.0,low
sys_0602,neither,neither,0.000693368841893971,0.13301074504852295,4448614,0,0,0,1.1296875,6363.919956014198,4.3184454894717,0.0,0.0,0.0,none
sys_0782,both,both,0.9999105930328369,0.3701495826244354,6389404,3,1,1,1.18359375,6570.939336410952,4.388786776399738,8294.932334058663,7.548793854470688,1.596184973177775,none
sys_0870,both,flare,0.9999997615814209,0.24333855509757996,7530184,3,1,1,0.93046875,5790.300651059311,4.4604429505537775,13893.059833552516,19.59938607760133,1.0650350284442092,none
sys_0071,transit,neither,0.0006563496426679194,0.1255522519350052,7765653,2,0,1,1.1847656249999998,6268.653421230299,4.133736791252357,0.0,25.058147839494502,0.617645314154693,none
sys_1244,neither,neither,0.0005746936076320708,0.13311979174613953,5121523,0,0,0,0.90703125,5674.836472038883,4.3637306329957495,0.0,0.0,0.0,low
sys_0961,both,both,0.9962072372436523,0.31906503438949585,7878319,3,1,1,1.091015625,6039.744579027603,4.373774812710009,3572.06760767688,96.4404555509828,1.12823965388186,none
sys_0811,neither,neither,0.0007446694653481245,0.129205584526062,8669552,0,0,0,1.10390625,6243.288580642562,4.361663452935683,0.0,0.0,0.0,none
sys_0317,both,flare,0.7965012788772583,0.2645065188407898,3395609,3,1,1,1.1484375,4497.916829612171,4.164332637170558,891.0990049992209,2.6712816129466352,0.9519004741670224,none
sys_1390,transit,transit,0.0002362824307056144,0.9932774901390076,5623661,2,0,1,0.9609375,5710.884432863097,4.148059626869635,0.0,27.377729401079662,7.106469311231364,high
sys_0872,neither,neither,0.000842300767544657,0.12913620471954346,8520746,0,0,0,1.08515625,6276.43676604317,4.363927241117372,0.0,0.0,0.0,none
sys_1165,transit,transit,0.0004530917794909328,0.42116788029670715,8077725,2,0,1,1.096875,6305.20058680819,4.445688243804146,0.0,6.011890150544749,2.5598580299678093,high
sys_0078,transit,neither,0.0006011402583681047,0.13725563883781433,9415498,2,0,1,1.1953125,6500.342756396791,4.386055295998501,0.0,70.51534002643125,1.5946282152008004,none
sys_0917,neither,neither,0.001148531213402748,0.15167678892612457,5440677,0,0,0,0.9609375,4280.75116013934,3.7441801544586872,0.0,0.0,0.0,none
sys_0047,neither,neither,0.0005205028573982418,0.12881368398666382,6042509,0,0,0,0.95625,5836.134176656165,4.295285466431089,0.0,0.0,0.0,none
sys_0616,neither,neither,0.0007195237558335066,0.12623223662376404,6419509,0,0,0,1.06171875,6109.894869365293,4.257057134999837,0.0,0.0,0.0,none
sys_1383,both,both,0.9936894178390503,0.35179293155670166,1160111,3,1,1,1.02421875,5858.475303777052,4.497214229662887,1339.49577051065,61.72225958234757,0.4930880627399953,high
sys_0106,both,flare,0.9999997615814209,0.25938937067985535,7243737,3,1,1,1.081640625,5673.19206874028,4.3060120225042215,12323.61856152416,4.239538203643196,2.0757349221179013,none
sys_0498,both,both,0.9999940395355225,0.32946088910102844,7158485,3,1,1,1.04296875,5753.575140325408,4.473026137428638,9897.699207794094,3.647485386657634,2.5817891991501147,none
sys_0632,neither,neither,0.0007077131886035204,0.13278642296791077,7985180,0,0,0,1.0078125,5792.914305535463,4.51392667996562,0.0,0.0,0.0,none
sys_0953,neither,neither,0.0005679256864823401,0.13314443826675415,7990794,0,0,0,0.9609375,5657.193623263161,4.494546592679954,0.0,0.0,0.0,none
sys_1295,neither,neither,0.0007413963903672993,0.1337711215019226,9352652,0,0,0,1.044140625,5855.973987446007,4.200555472954173,0.0,0.0,0.0,low
sys_0535,flare,flare,0.9999998807907104,0.2643374502658844,8828825,1,1,0,1.053515625,5100.429644756481,4.312062913696173,10169.435531898496,0.0,0.0,none
sys_0343,transit,neither,0.0007833159761503339,0.12928366661071777,2289457,2,0,1,1.05703125,5440.899376277902,4.337479039650008,0.0,10.42169591209822,0.757196846091421,none
sys_0529,neither,neither,0.0005753444274887443,0.1307511180639267,8463392,0,0,0,1.13671875,6338.922724284568,4.26485895525814,0.0,0.0,0.0,none
sys_1293,neither,neither,0.0009675545734353364,0.11875205487012863,2152781,0,0,0,1.1484375,4479.918538673829,3.8661437789036777,0.0,0.0,0.0,medium
sys_0187,transit,transit,0.0002702090423554182,0.6115841269493103,7873635,2,0,1,1.07109375,6065.207980157959,4.386508768451121,0.0,5.975544549715801,2.760595160747643,none
sys_1044,transit,neither,0.000976947252638638,0.11277060210704803,1854350,2,0,1,0.94921875,5860.278923828221,4.113761075663564,0.0,5.354793164244397,0.8051510716598536,medium
sys_0205,both,both,1.0,0.34931308031082153,9957411,3,1,1,0.98671875,5807.625688254323,4.46847315768912,14219.547265984742,14.382254808665634,5.8413497720093925,none
sys_1023,flare,both,0.9985983967781067,0.35100141167640686,9470219,1,1,0,0.95859375,5563.190814429876,4.546850539988123,2404.205692435921,0.0,0.0,low
sys_0608,flare,flare,1.0,0.1699005514383316,4322710,1,1,0,1.0453125,6082.370742800369,4.281925394337464,17284.35128187138,0.0,0.0,none
sys_1373,both,both,0.9844456315040588,0.3653356730937958,9677374,3,1,1,0.978515625,4216.514228420806,4.174085103497648,2416.977676368849,23.967403785033568,2.4021038460308364,low
sys_1090,neither,neither,0.0010548431891947985,0.12634451687335968,9823088,0,0,0,0.92578125,5625.229019169217,4.220821776851625,0.0,0.0,0.0,high
sys_1080,both,both,0.9998264908790588,0.33006733655929565,6398834,3,1,1,1.1859375,6464.76822863455,4.391834337903945,5665.94069718534,4.848140988276133,0.8603692237096283,medium
sys_0463,flare,both,0.999997615814209,0.3152307868003845,2740784,1,1,0,1.166015625,4404.206937916113,3.8865334633009936,14022.7028616727,0.0,0.0,none
sys_1103,transit,neither,0.0011983978329226375,0.1210322231054306,9395191,2,0,1,1.1015625,5879.877775159556,4.417954229089527,0.0,38.45785291028197,1.4829848306568445,max
sys_0720,flare,both,0.9994866847991943,0.3378962278366089,8595023,1,1,0,0.9890625,5641.486921178263,4.473518569859858,2615.8525525337536,0.0,0.0,none
sys_1277,neither,neither,0.0010825239587575197,0.123539499938488,4280922,0,0,0,1.00078125,5874.871627934359,4.333187302223192,0.0,0.0,0.0,high
sys_0019,transit,neither,0.0003716868523042649,0.2517611086368561,9358435,2,0,1,1.10390625,6220.779936562713,4.398542670404321,0.0,8.187342410236717,2.168700715628764,none
sys_0533,flare,both,0.9999982118606567,0.28862884640693665,4332704,1,1,0,1.096875,6372.990406826757,4.356757021862324,8852.912609483697,0.0,0.0,none
sys_1120,neither,neither,0.0013304980238899589,0.13066117465496063,2040908,0,0,0,0.9328125,5865.713106584378,4.439477617363034,0.0,0.0,0.0,low
sys_1235,flare,both,0.99151611328125,0.3428992033004761,3243943,1,1,0,1.18828125,6188.207813657381,4.313671108950965,1369.3892010109007,0.0,0.0,medium
sys_0234,flare,neither,0.002301126951351762,0.12951065599918365,8144796,1,1,0,0.94453125,5816.251519856111,4.329925305031871,1015.7877481024829,0.0,0.0,none
sys_0863,flare,flare,0.9471002221107483,0.2774471044540405,4443301,1,1,0,0.96796875,5610.182489512162,4.482988213709847,2108.271500682923,0.0,0.0,none
sys_1134,flare,flare,0.830839216709137,0.2547001540660858,4260517,1,1,0,0.97265625,5841.774324635196,4.508819477610774,858.2504091715141,0.0,0.0,low
sys_0940,both,both,0.999995231628418,0.2997860908508301,7854467,3,1,1,0.9609375,5773.4790340003765,4.239839179737084,13543.460114247237,31.82348669648822,1.811699678611857,none
sys_1396,transit,neither,0.0007415730506181717,0.13495981693267822,2841117,2,0,1,1.06640625,5988.123999635649,4.227533911016519,0.0,81.3893483761055,1.9236140221402311,medium
sys_0698,neither,neither,0.0007615751237608492,0.13065801560878754,9936640,0,0,0,0.94453125,5674.892401745479,4.50146369007805,0.0,0.0,0.0,none
sys_0527,both,both,0.9897464513778687,0.9443871974945068,3615657,3,1,1,1.0171875,5959.063519795866,4.479695999211849,1286.1290818863367,21.644366739302413,5.467445625061145,none
sys_1002,flare,neither,0.008669614791870117,0.1604723036289215,3998883,1,1,0,1.0640625,6283.9842478773,4.255999457412077,14582.203510231664,0.0,0.0,high
sys_0131,both,both,0.9927639365196228,0.33288344740867615,7575093,3,1,1,1.0640625,6299.062880275473,4.30130601745954,2022.5612943819087,2.249590763293101,1.135035825532141,none
sys_1085,transit,transit,5.893375782761723e-05,0.9998044371604919,4611163,2,0,1,1.1953125,6489.576670310502,4.399206214432223,0.0,7.5427364135931585,8.58834083789016,high
sys_1050,neither,neither,0.0005807123961858451,0.12333831936120987,1849607,0,0,0,1.0359375,5713.150603861204,4.464138962117456,0.0,0.0,0.0,low
sys_0298,flare,flare,1.0,0.24693560600280762,9115522,1,1,0,1.18359375,6563.029029183672,4.225467020466016,12852.793730289242,0.0,0.0,none
sys_0743,transit,neither,0.0006406630855053663,0.12891767919063568,5019307,2,0,1,1.0078125,5941.189162468544,4.372256739537631,0.0,85.0226944053923,0.3923586073217973,none
sys_1486,transit,neither,0.008669614791870117,0.1604723036289215,1790212,2,0,1,1.1765625,6266.557813928578,4.273492292081929,0.0,49.56651186399275,1.1986386464786922,high
sys_1382,transit,neither,0.0011023648548871279,0.11814204603433609,7355308,2,0,1,1.06171875,6110.199431506596,4.374420925535505,0.0,35.17196966458621,1.1390613779549357,max
sys_0201,neither,neither,0.0005230821552686393,0.12472458183765411,1466240,0,0,0,1.0359375,5801.631674339157,4.353288305522484,0.0,0.0,0.0,none
sys_1485,both,neither,0.008669614791870117,0.1604723036289215,9883097,3,1,1,1.1953125,6522.397907072251,4.2538518507789655,5090.384156881838,34.92407919541242,3.050340143071447,medium
sys_1183,transit,neither,0.00080323894508183,0.12184345722198486,4275760,2,0,1,1.021875,5816.499792777175,4.49490218318466,0.0,2.3969173822130814,0.5548368054697241,high
sys_0788,neither,neither,0.0006882403395138681,0.12359622120857239,9463105,0,0,0,1.09453125,6240.428813754065,4.24242171232947,0.0,0.0,0.0,none
sys_1032,transit,neither,0.0006903227185830474,0.1357889026403427,4194046,2,0,1,1.081640625,6009.786549323694,4.4742879050299855,0.0,77.24208225649377,0.4002881737360458,high
sys_0724,transit,neither,0.000557685736566782,0.13231943547725677,8599090,2,0,1,1.034765625,5772.894193939457,4.501350510103289,0.0,4.49285954237245,0.2104744268903259,none
sys_0612,transit,neither,0.0004510216531343758,0.1269008368253708,7648428,2,0,1,1.16953125,6383.294386752296,4.374088018291092,0.0,2.121672053436416,0.5112103571546683,none
sys_0933,flare,flare,0.7693018913269043,0.2279067188501358,8527695,1,1,0,1.1296875,6356.997338659732,4.346848856397403,2710.6392492489504,0.0,0.0,none
sys_1192,both,both,0.9941158294677734,0.36246562004089355,2788266,3,1,1,0.9890625,5745.373382027931,4.336204248933913,3813.308246948727,15.2552572064543,0.9259975771308911,max
sys_0416,transit,neither,0.0007380159804597497,0.1297324150800705,4721420,2,0,1,1.0078125,5880.035859575789,4.147329078888251,0.0,2.603814167911924,0.3205573282922137,none
sys_1225,neither,neither,0.0010977857746183872,0.11473818868398666,7888785,0,0,0,1.04765625,6187.01434714623,4.392474461868846,0.0,0.0,0.0,max
sys_0866,transit,neither,0.0009598552715033293,0.13393855094909668,8791971,2,0,1,1.147265625,4760.10175278739,4.258146644824542,0.0,2.0481175053640457,0.8792595944008872,none
sys_0161,both,both,0.9999904632568359,0.3499377369880676,4948683,3,1,1,1.14375,6337.622316308856,4.309554973645066,14285.23338927764,61.63363802065855,1.736656156015203,none
sys_0950,both,both,0.999295711517334,0.6690870523452759,1116533,3,1,1,1.0546875,5869.583497857518,4.502534858412142,5865.20777236625,19.377097601397857,4.417910180121893,none
sys_0061,both,both,0.999998927116394,0.299820214509964,2581216,3,1,1,0.984375,5879.578657498243,4.459004509781521,8614.382841625029,6.267520685938779,1.027945850211523,none
sys_0369,neither,neither,0.0007240487611852586,0.12933239340782166,7042207,0,0,0,0.903515625,5217.065033637312,4.568674091152937,0.0,0.0,0.0,none
sys_0726,neither,neither,0.0007010638364590704,0.12203463166952133,7706594,0,0,0,1.08515625,6288.491208234306,4.324074636275276,0.0,0.0,0.0,none
sys_0116,flare,both,0.9969030022621155,0.37241819500923157,9247475,1,1,0,1.1906249999999998,6152.853855925559,4.248324462663857,2424.171294958557,0.0,0.0,none
sys_0052,flare,flare,0.9999986886978149,0.23527885973453522,8758101,1,1,0,1.194140625,6606.883800190749,4.2764076285883,15703.74834481432,0.0,0.0,none
sys_1052,both,both,0.9998598098754883,0.38046994805336,1363712,3,1,1,0.922265625,5554.772359699997,4.540901410829285,9029.572393322132,13.67660741357744,0.8554925947619976,medium
sys_0570,neither,neither,0.0008425916894339025,0.1326143890619278,8479693,0,0,0,1.08984375,5943.179594815585,4.225920205962873,0.0,0.0,0.0,none
sys_0900,both,both,0.9998853206634521,0.3401176631450653,7306005,3,1,1,1.07109375,6082.697583577409,4.349590669826212,2899.8150140922776,84.46228245898537,3.1675196316318908,none
sys_0267,transit,transit,7.767760689603165e-05,0.9962233304977417,3280182,2,0,1,1.11328125,5996.874588362357,4.038550032924896,0.0,10.227426127004238,5.48553013166673,none
sys_0554,transit,neither,0.0008623164030723274,0.12657518684864044,2795870,2,0,1,0.997265625,5966.37967555578,4.3972649279816185,0.0,11.805652006838535,0.3042288380446788,none
sys_1129,transit,neither,0.0008435649215243757,0.1887221783399582,5491955,2,0,1,1.0125,5707.555344299495,4.508565168530691,0.0,2.7993369172770106,1.886586935708332,low
sys_1123,both,both,0.9969224333763123,0.6252710819244385,3968206,3,1,1,0.928125,5588.219391182605,4.354001339797564,1466.3200796064118,71.7570120921763,8.044007725452472,high
