sim_id,seed,label_has_gaps,label_has_flares,label_has_transit,star_mass,star_teff,flare_amplitude
sim_0000,7569445,0,1,0,0.96796875,5551.706327807767,2299.8770143047855
sim_0001,5042582,1,1,1,1.0125,5849.936555698435,4350.053856664582
sim_0002,5457236,0,0,0,1.18359375,6579.894005674884,0.0
sim_0003,4527111,1,1,1,1.0359375,5761.030645541821,5325.356702200583
sim_0004,4758870,1,0,0,1.16015625,6280.357903173565,0.0
sim_0005,7196925,1,0,1,1.10390625,6225.792297413717,0.0
sim_0006,7768557,1,1,1,1.166015625,5653.3089181908235,1175.568728986345
sim_0007,9968130,0,0,1,1.17421875,6240.985761847617,0.0
sim_0008,8467339,1,0,1,1.08046875,5736.115588799423,0.0
sim_0009,3056146,1,0,0,1.053515625,6208.757824366496,0.0
sim_0010,8958593,1,1,0,0.9304687500000001,5751.6406971908555,1112.9777132580948
sim_0011,9959178,1,0,0,1.166015625,6139.494954368015,0.0
sim_0012,7071702,1,0,1,0.9890625,5733.424406771605,0.0
sim_0013,3916164,0,0,1,1.08046875,5892.347680495547,0.0
sim_0014,8207873,0,0,0,1.156640625,6058.827034908165,0.0
sim_0015,2588840,1,1,1,0.9515625,4983.204384570314,19426.672426910183
sim_0016,8587074,0,1,1,1.16015625,6262.580515915177,6693.49160626733
sim_0017,7614691,0,0,1,1.1859375,6451.883778795338,0.0
sim_0018,9807260,1,0,1,1.13671875,6332.290668190604,0.0
sim_0019,3773828,1,1,1,0.978515625,5823.666800809547,16771.014669860655
sim_0020,6545969,1,0,1,0.92109375,5796.1883986667535,0.0
sim_0021,2431497,1,1,1,1.147265625,6279.497553962944,903.9025647417739
sim_0022,5941391,1,1,1,0.92109375,5758.161830719133,3784.204516053266
sim_0023,8820869,0,0,1,0.97734375,5666.913742033218,0.0
sim_0024,5156814,1,0,0,1.021875,5941.530845594788,0.0
sim_0025,5015234,0,1,0,0.92578125,5615.22733774605,13487.293327075782
sim_0026,5916187,0,0,0,1.16484375,6070.43440675883,0.0
sim_0027,8324309,0,1,0,1.16015625,4502.201679593257,1040.3447796972607
sim_0028,3678683,0,1,0,0.984375,4321.448069955409,18141.394571136767
sim_0029,3018148,0,0,0,1.1015625,5911.624820512442,0.0
sim_0030,6689831,0,0,0,0.975,4458.249442408507,0.0
sim_0031,9511794,1,0,1,1.053515625,4542.530350827353,0.0
sim_0032,1617974,1,1,1,0.98203125,5888.08449254436,1444.10010024611
sim_0033,3472722,1,0,0,1.0171875,5983.233508912696,0.0
sim_0034,5852883,1,0,1,1.0453125,6085.615685579009,0.0
sim_0035,9822884,1,0,0,0.98671875,5789.575365384069,0.0
sim_0036,1862225,0,1,1,1.1859375,6491.593440039321,5866.277827070322
sim_0037,2634594,1,1,1,0.922265625,5764.5543786894095,13389.031415925589
sim_0038,1279207,1,0,1,0.9375,5504.724748659264,0.0
sim_0039,3523028,1,0,1,1.15546875,5895.600982307059,0.0
sim_0040,7154555,0,0,0,0.9421875,5687.126762793966,0.0
sim_0041,1597869,0,1,1,1.166015625,6175.264169939236,939.5373511475275
sim_0042,3864350,0,0,0,0.9187500000000001,5588.51139099667,0.0
sim_0043,1134354,0,0,1,0.95625,5642.3447670061205,0.0
sim_0044,3073141,0,1,0,0.978515625,5677.305110960174,1345.0086062650232
sim_0045,6545440,1,1,1,1.044140625,5787.431453982233,15343.930040182518
sim_0046,7565203,0,0,1,1.034765625,5786.92868626555,0.0
sim_0047,3426234,0,0,1,1.15546875,5726.3387414109275,0.0
sim_0048,8933321,1,0,0,1.10859375,6167.074932893014,0.0
sim_0049,7730850,1,1,1,1.1906249999999998,6172.37077405619,713.1940793373617
sim_0050,7351242,0,1,1,1.147265625,4817.015028877953,3605.309861186803
sim_0051,2806711,1,1,0,1.1847656249999998,4621.908585505887,9158.088995921924
sim_0052,1344672,0,1,1,1.1765625,6253.628807063201,3963.877479171682
sim_0053,6620766,0,0,1,1.04765625,6215.511082425593,0.0
sim_0054,6052301,0,1,0,1.08984375,5925.080152547155,1478.4044243676199
sim_0055,2064442,0,0,0,1.1765625,6166.190243109923,0.0
sim_0056,5807324,1,1,1,0.928125,5469.635809367069,3224.698781016999
sim_0057,4980503,1,1,0,1.17421875,6189.953740688063,869.0836144813873
sim_0058,8612165,1,0,1,1.109765625,6197.293462846022,0.0
sim_0059,7112675,1,0,1,1.10625,6120.432440621751,0.0
sim_0060,5714163,0,1,1,1.1906249999999998,6146.3391035996265,1924.3894739297218
sim_0061,5075894,0,1,1,1.18359375,6607.731910839334,1962.2626950731658
sim_0062,5711109,0,0,1,1.166015625,6117.3405979784275,0.0
sim_0063,1505376,0,1,1,0.928125,5308.879467759291,11804.200346241847
sim_0064,9799925,1,1,1,1.044140625,5821.057208316521,12603.010708548336
sim_0065,7729421,0,0,0,1.003125,5902.040530796643,0.0
sim_0066,2685655,1,1,1,1.0171875,6015.6349806449025,3772.0204192834467
sim_0067,8872776,1,0,0,0.922265625,5738.792082674071,0.0
sim_0068,2913297,0,1,1,1.00078125,5773.263267125893,555.4853155422514
sim_0069,9442989,0,1,0,1.02890625,5837.181904170219,503.89403830135126
sim_0070,5013712,0,0,1,1.17421875,6262.7562384834055,0.0
sim_0071,2552308,1,0,0,1.04765625,6170.723398261756,0.0
sim_0072,6513313,0,1,0,1.00078125,4952.817229286101,7037.921251296009
sim_0073,9948198,0,1,0,1.053515625,6168.452307340617,5488.104059885625
sim_0074,7082067,0,1,0,1.0546875,4367.103324863634,8091.015719227154
sim_0075,6576251,1,1,0,1.05,5871.468270380467,8705.599839917246
sim_0076,7792545,1,1,1,1.17421875,6145.1722310027735,544.1381536974266
sim_0077,3046347,0,0,1,0.903515625,5224.1159581836255,0.0
sim_0078,7867008,0,0,0,1.02421875,5967.979026114187,0.0
sim_0079,6552653,0,0,1,1.08515625,6246.757204557827,0.0
sim_0080,3575130,1,1,0,0.9046875,5488.951826001969,18389.62720677807
sim_0081,8566803,1,1,0,0.97734375,5624.4570333045785,12138.704129670834
sim_0082,9027009,0,0,1,0.99609375,5815.928264476674,0.0
sim_0083,5052762,1,0,1,0.97734375,5570.3555232743865,0.0
sim_0084,8832695,1,0,1,1.147265625,6135.15814520185,0.0
sim_0085,1743974,1,0,1,0.98203125,6016.907592642601,0.0
sim_0086,6976164,1,0,0,1.156640625,6096.669824340845,0.0
sim_0087,3235305,1,0,1,1.0171875,6047.021813412864,0.0
sim_0088,7005149,0,0,0,0.903515625,5412.487194179599,0.0
sim_0089,5590391,1,0,0,0.97265625,5916.641111775861,0.0
sim_0090,3942200,0,1,0,1.1859375,6434.829874824015,4693.618896096222
sim_0091,7695097,0,1,1,1.1953125,5944.267241371881,1091.9863802813377
sim_0092,1178601,1,1,1,0.96796875,5488.011696381475,508.8955313101709
sim_0093,4719939,0,0,1,1.1859375,6440.219918135743,0.0
sim_0094,4052997,1,1,0,1.053515625,6198.89029782434,849.5008764082295
sim_0095,4745014,1,1,1,1.194140625,6598.300716922777,11726.604255093687
sim_0096,5639601,1,1,1,0.9375,5459.237781659971,8858.582676562739
sim_0097,2668701,0,0,1,1.11328125,6095.892155143268,0.0
sim_0098,9880224,0,0,0,1.10859375,6236.184716312186,0.0
sim_0099,1973809,0,1,1,1.10859375,6236.985296521511,7327.786658675578
sim_0100,8263242,0,1,1,1.09453125,6214.192490599744,13022.077177239102
sim_0101,3675944,0,0,1,0.9328125,5889.52356899272,0.0
sim_0102,5003559,1,0,1,1.08046875,4258.302563674459,0.0
sim_0103,1809194,0,0,0,1.1847656249999998,6359.444029297636,0.0
sim_0104,5452372,0,1,0,1.156640625,4463.967769317366,1485.3679434744568
sim_0105,6316939,0,1,1,0.9890625,5571.839963064061,17066.077621360742
sim_0106,4018681,0,1,0,1.053515625,6099.457560254378,12720.892222125218
sim_0107,2897282,0,1,1,1.01015625,5859.385362344152,13501.29312844346
sim_0108,5720920,1,0,0,1.14375,6145.147879149708,0.0
sim_0109,9157124,0,1,1,1.02421875,5848.922665189024,673.548459292733
sim_0110,2765221,0,0,1,0.92109375,5693.268104040752,0.0
sim_0111,8619173,0,1,1,0.95625,5824.048021902167,7277.159344802841
sim_0112,4582708,1,0,0,1.11328125,6181.674023023106,0.0
sim_0113,1448598,0,0,0,1.0078125,5932.273957734644,0.0
sim_0114,5362774,0,0,0,1.10625,5990.837260172819,0.0
sim_0115,1004671,1,1,1,1.1859375,6444.25427790618,7091.014953907763
sim_0116,5458095,1,1,0,0.97734375,5589.576282231217,11586.14153296799
sim_0117,8078758,0,0,1,0.95859375,5784.68580841665,0.0
sim_0118,4997246,0,0,1,0.9328125,5743.03503032641,0.0
sim_0119,6058747,1,0,0,0.92109375,5712.936957263028,0.0
sim_0120,4478895,1,0,1,0.95859375,5721.615091887692,0.0
sim_0121,6315845,0,0,0,1.08046875,5903.440412591503,0.0
sim_0122,2253782,0,1,0,0.97734375,5657.175658522297,1488.9866985848705
sim_0123,5326431,0,0,0,1.166015625,5547.905900041076,0.0
sim_0124,3685121,0,0,0,1.0171875,5967.100562464712,0.0
sim_0125,6059692,1,0,1,1.021875,5895.1666408789615,0.0
sim_0126,6242243,0,1,1,1.06640625,5941.158222628582,12696.013329913862
sim_0127,9161388,1,1,0,1.16484375,4485.258865250616,6650.149807345216
sim_0128,8182992,1,1,1,1.1906249999999998,6159.030129520158,1927.2744635957524
sim_0129,2171253,0,1,0,1.1953125,5669.064707688801,848.029052807548
sim_0130,4025806,0,1,1,0.9328125,5926.435225893645,7687.589171909058
sim_0131,1002512,0,0,1,1.0359375,5764.510710073387,0.0
sim_0132,2030553,1,0,0,0.9421875,4298.194894809053,0.0
sim_0133,1364071,0,1,0,0.9187500000000001,5694.521804166485,727.5828284393765
sim_0134,3191025,1,1,1,1.1296875,6363.684355010898,877.4817560403194
sim_0135,4659809,0,1,0,1.1859375,6437.755511255612,4035.5677983787054
sim_0136,4492251,1,0,0,0.9070312500000001,5568.534276452134,0.0
sim_0137,1175198,1,1,1,1.1859375,6454.003897349817,5793.772295646382
sim_0138,4516782,0,0,0,0.92109375,5603.482003050793,0.0
sim_0139,4395453,0,1,0,1.1015625,4848.536728660314,1877.2666872563798
sim_0140,1397569,1,1,1,0.98671875,5878.572974442318,643.1592898632043
sim_0141,9959700,0,1,1,1.14375,6310.356277213105,3120.3143549124015
sim_0142,9124376,1,1,1,0.95859375,4288.038163426979,16908.05814411044
sim_0143,1668337,0,0,0,1.0453125,5963.37065929662,0.0
sim_0144,2215055,1,0,1,1.00078125,5866.975589188994,0.0
sim_0145,7613778,1,0,0,1.194140625,6385.891314793424,0.0
sim_0146,1609146,0,0,1,1.14140625,6111.697176254539,0.0
sim_0147,8667796,1,0,1,0.9070312500000001,5444.990211631024,0.0
sim_0148,4291148,0,0,0,0.9375,5492.740917019036,0.0
sim_0149,9157279,0,0,1,0.97265625,4487.868338030848,0.0
sim_0150,8330526,1,1,1,1.1906249999999998,6183.856757185213,2814.1452505115385
sim_0151,2012578,1,0,0,1.0171875,5974.016039784526,0.0
sim_0152,4786374,0,1,1,0.984375,4373.5635375166285,2077.2951147437416
sim_0153,6840553,1,1,1,0.92109375,5701.79952923165,1865.7067506497367
sim_0154,4861167,1,1,0,1.044140625,5773.180036711069,973.6375569521804
sim_0155,8429319,0,1,0,0.9890625,4911.719421658782,3825.265822064338
sim_0156,5750537,1,0,0,1.0125,5815.037214187283,0.0
sim_0157,9413097,0,1,1,0.9304687500000001,5866.411806839551,2249.151969808429
sim_0158,3633113,1,1,1,1.171875,6280.237107867744,890.0383598561575
sim_0159,7858953,1,1,1,1.0078125,5916.372294078922,1005.2154920592968
sim_0160,5229191,1,1,0,1.1847656249999998,6355.895185547655,6524.539976082834
sim_0161,9065337,1,0,0,1.02421875,5963.231489804212,0.0
sim_0162,4462660,1,1,1,0.978515625,5775.277957438566,856.1879515351101
sim_0163,3773785,0,1,1,1.02421875,5979.796141295833,1995.8227408975329
sim_0164,8216599,0,0,0,0.9515625,5897.81511916429,0.0
sim_0165,4877910,0,0,1,1.10859375,6206.221935058899,0.0
sim_0166,9343800,0,0,1,1.1203125,6188.516102246738,0.0
sim_0167,5133497,0,1,0,0.94453125,5763.149332769806,6273.681085891484
sim_0168,9246487,0,0,1,1.02890625,5795.177197855107,0.0
sim_0169,1572345,1,0,0,1.1296875,6221.990337475526,0.0
sim_0170,7334544,0,0,1,0.9187500000000001,5631.999899357712,0.0
sim_0171,3695343,0,1,0,1.08046875,4370.024368669023,2240.0252348863646
sim_0172,2430707,0,0,0,1.14375,6305.620384709772,0.0
sim_0173,6342049,1,0,0,0.922265625,5755.0400749076225,0.0
sim_0174,3839706,1,0,0,0.97265625,5284.266825819442,0.0
sim_0175,1647212,0,0,1,1.02890625,5866.680979749086,0.0
sim_0176,3095389,0,0,0,1.1906249999999998,6175.584911352523,0.0
sim_0177,6955662,1,0,0,0.98203125,5863.469483572353,0.0
sim_0178,7394535,1,1,1,0.94921875,5548.318857481288,7729.064817984821
sim_0179,8660906,1,0,1,1.1906249999999998,6169.089552447039,0.0
sim_0180,4174970,1,1,0,1.1847656249999998,6345.439788379331,3609.3642172703476
sim_0181,4253274,0,0,1,0.97265625,5844.90990814903,0.0
sim_0182,5689569,1,1,1,1.166015625,6152.854049496404,13014.165887606057
sim_0183,5265112,1,0,1,1.194140625,6503.158195155383,0.0
sim_0184,1931595,1,1,0,1.1953125,6522.917686893422,1332.6719719514826
sim_0185,9294090,1,0,1,0.94921875,5095.549345198547,0.0
sim_0186,5511667,1,0,1,1.003125,5924.490232354789,0.0
sim_0187,3663200,1,1,0,1.18359375,6595.7084193518485,6873.611974545761
sim_0188,5922590,1,1,0,0.96796875,5638.20191306768,3171.3867767777656
sim_0189,8195176,1,1,1,1.18359375,6461.953103797836,3203.823044095477
sim_0190,8446511,0,1,0,1.06171875,6109.824033779368,10154.783286929536
sim_0191,3973190,1,1,1,1.1015625,5923.440688884778,582.0843722072755
sim_0192,6223448,0,0,1,0.95859375,5704.931084467585,0.0
sim_0193,2036329,0,1,0,1.1296875,6243.350135355182,1769.5500678844924
sim_0194,4846375,0,1,0,1.18359375,6577.238275752284,651.1045203396219
sim_0195,4314392,1,0,1,1.06640625,6010.108185139338,0.0
sim_0196,8285751,1,1,1,1.0171875,6069.784119752917,14793.443273454497
sim_0197,4072611,0,1,0,0.96796875,5537.796896892685,4258.139340320191
sim_0198,1234154,1,1,0,1.1765625,6225.46451803505,1050.430742029029
sim_0199,4488003,0,1,1,1.03125,6150.297362945579,6345.0862007466585
sim_0200,4898318,1,0,0,1.134375,4506.206054601731,0.0
sim_0201,3109821,1,0,0,0.9890625,5743.948226655757,0.0
sim_0202,7019789,0,0,0,0.9328125,5720.3488037900615,0.0
sim_0203,3891734,0,1,0,0.997265625,5897.366474303495,2921.013459268328
sim_0204,8010556,1,1,0,0.978515625,5742.387357970536,811.026948176342
sim_0205,9634984,1,0,0,0.94453125,5750.517241577156,0.0
sim_0206,9266086,1,1,0,1.1015625,5899.403047059322,2981.4466694630296
sim_0207,9681998,0,1,1,1.1015625,5918.222918658157,19471.64004020145
sim_0208,3816016,0,0,0,1.194140625,6610.532825417865,0.0
sim_0209,7554743,1,1,0,1.1203125,6301.548403841263,3836.874156648055
sim_0210,6643360,0,1,1,1.18828125,6137.527137807495,1079.3559370941887
sim_0211,6326650,1,1,0,0.90234375,5506.936906377868,12322.681735012704
sim_0212,6545166,0,0,1,1.06640625,5965.723083796531,0.0
sim_0213,7518826,1,1,1,0.9375,5524.920233220649,11653.03897863438
sim_0214,6407978,0,0,1,1.16015625,5754.062338818122,0.0
sim_0215,6155829,0,0,0,1.156640625,6128.217395176772,0.0
sim_0216,2439183,1,1,1,1.0640625,6253.933205361514,5388.222740180631
sim_0217,9653573,0,1,0,0.98671875,5733.759886335438,1021.4082713729819
sim_0218,8443210,1,0,0,0.94921875,5953.083062940691,0.0
sim_0219,2945137,1,1,1,1.18359375,6574.237004758274,4892.756865673915
sim_0220,1980700,1,1,0,1.109765625,6339.873586378069,18736.806877101935
sim_0221,1360734,1,0,1,1.1953125,6409.408032116276,0.0
sim_0222,3342544,0,1,0,0.92109375,5793.761704299966,4128.554069208393
sim_0223,7056906,1,1,1,0.90234375,5701.919426688286,1520.5051296157965
sim_0224,1141623,0,0,0,1.02890625,5895.315109931049,0.0
sim_0225,1325133,1,1,1,1.147265625,6276.954817220273,582.8025925833208
sim_0226,5551016,1,0,0,1.194140625,6547.335502552329,0.0
sim_0227,9741827,1,0,0,1.08046875,5872.758675326285,0.0
sim_0228,3354908,0,0,1,1.1953125,6429.100442898785,0.0
sim_0229,9993832,1,0,0,0.95625,5837.281533971331,0.0
sim_0230,2560276,0,1,0,1.1203125,6246.084352884678,8437.112558170005
sim_0231,3944227,1,1,0,1.1953125,6490.664971124038,19272.82676852504
sim_0232,6714004,1,1,0,1.0125,5742.247321977495,12752.42428529189
sim_0233,8145551,1,0,1,0.922265625,5523.379027726029,0.0
sim_0234,3001157,0,0,0,1.03125,6145.654416108709,0.0
sim_0235,5005196,0,0,1,1.1859375,6468.925795098159,0.0
sim_0236,8200908,1,0,1,1.01015625,5841.789711014566,0.0
sim_0237,4334327,0,1,0,0.92109375,5798.113731528177,2050.8743040690715
sim_0238,6161283,1,0,0,1.1296875,4584.952408544073,0.0
sim_0239,1241930,0,1,1,0.9609375,4160.5600430902805,5376.554450299466
sim_0240,6959074,0,1,0,0.9890625,5585.124886881542,7662.747641378604
sim_0241,5894144,0,0,1,1.04765625,6181.819556872367,0.0
sim_0242,9060948,1,1,1,0.97265625,5872.948798323927,9719.732456415082
sim_0243,7143955,0,1,0,0.9421875,5768.12260450404,1080.1074370034814
sim_0244,8688733,1,0,1,1.1847656249999998,6295.547982355976,0.0
sim_0245,6681773,1,0,1,1.1847656249999998,6358.356554276222,0.0
sim_0246,2484896,1,1,1,1.17421875,6254.982875483694,791.0694663549575
sim_0247,4521226,1,1,0,1.1765625,6239.790622042788,1275.076532703942
sim_0248,7952099,0,1,1,1.14375,4557.842334064751,11358.784105165743
sim_0249,5325288,0,1,0,1.09453125,6261.530833039302,1982.481027935815
sim_0250,3344002,1,0,0,1.0546875,6015.244126939769,0.0
sim_0251,2840958,1,0,1,0.984375,5877.286763010296,0.0
sim_0252,1711057,0,0,0,0.96796875,5724.579355060344,0.0
sim_0253,4415560,1,1,0,1.00078125,5798.779527484077,11569.888708042245
sim_0254,4272802,1,0,0,1.096875,6381.710185056512,0.0
sim_0255,9860608,1,0,1,0.92578125,5504.713684030622,0.0
sim_0256,9587551,1,0,1,1.1847656249999998,6308.160019984897,0.0
sim_0257,6430317,1,0,0,1.08984375,5955.276737751054,0.0
sim_0258,5965435,0,0,0,1.1765625,6232.502685662118,0.0
sim_0259,9161902,1,0,1,1.1906249999999998,6185.580318090396,0.0
sim_0260,6029824,1,0,1,1.1765625,6164.9316727478545,0.0
sim_0261,3074932,1,1,0,1.171875,6389.444087805884,935.6365174443482
sim_0262,3985026,1,1,1,1.14375,6290.7659773132245,1800.989910776786
sim_0263,1466331,1,1,0,0.99609375,4352.849822501878,6624.474219661414
sim_0264,5473451,1,0,0,1.10390625,6219.178726869839,0.0
sim_0265,1561315,0,1,0,1.10625,6062.668028011524,18507.59777778606
sim_0266,7050677,1,0,1,0.90234375,5475.6637386222865,0.0
sim_0267,4897118,0,0,0,0.922265625,4250.643239139948,0.0
sim_0268,8766087,1,0,0,0.984375,5416.42744374745,0.0
sim_0269,1798151,1,0,0,1.08046875,5910.278577832901,0.0
sim_0270,5632431,0,0,1,0.96796875,4787.575653677602,0.0
sim_0271,8484527,0,0,0,0.97734375,5532.928931079659,0.0
sim_0272,8336381,1,0,0,1.14140625,6127.239873919577,0.0
sim_0273,1367957,1,0,1,1.17421875,6141.451566679714,0.0
sim_0274,9450216,1,0,0,1.147265625,6092.7732178028555,0.0
sim_0275,1973312,1,0,1,0.922265625,4297.208589864373,0.0
sim_0276,9957760,0,1,1,1.096875,6359.173664288505,4145.5579127328865
sim_0277,1414069,0,0,0,1.1953125,6440.476321579512,0.0
sim_0278,6411662,0,0,0,0.978515625,5818.593748204389,0.0
sim_0279,2112046,0,0,1,0.9304687500000001,5852.759691824882,0.0
sim_0280,5651384,1,0,0,1.096875,6382.768910679674,0.0
sim_0281,7987500,0,1,1,1.10390625,6233.826071300353,4670.991534704232
sim_0282,5919836,0,0,0,0.9304687500000001,5800.739278961773,0.0
sim_0283,9580623,1,0,1,1.053515625,6176.806862468884,0.0
sim_0284,4318972,0,1,1,1.081640625,4460.338936125855,8279.024983333207
sim_0285,4169678,0,1,0,1.10625,6070.730300318903,3084.969910395826
sim_0286,9484798,0,1,0,0.94921875,5965.525650833031,15683.009699515096
sim_0287,4033953,1,1,0,1.14140625,6147.989435721864,6395.494358148929
sim_0288,4415919,1,0,0,1.147265625,6237.184549652344,0.0
sim_0289,2497391,0,0,1,1.147265625,6227.855584523835,0.0
sim_0290,7674643,0,1,0,1.091015625,4449.490352334209,2912.2654215638568
sim_0291,7181649,0,0,1,1.1859375,6422.7894162142375,0.0
sim_0292,7666513,1,0,0,1.166015625,6154.364281619452,0.0
sim_0293,4766350,1,1,1,0.94921875,5790.928950941222,10195.513830489745
sim_0294,3307069,1,0,0,1.09453125,6262.1665954548735,0.0
sim_0295,5852867,1,0,0,1.08046875,5836.794349798819,0.0
sim_0296,6251225,1,1,0,1.1484375,4451.871651695571,4422.190987582402
sim_0297,1535315,0,0,1,1.11328125,6119.418424287162,0.0
sim_0298,9727216,0,1,1,1.02890625,5304.103210100607,1718.4851199706418
sim_0299,4145124,1,1,1,1.02421875,5982.866633608144,830.6596446164856
sim_0300,2042332,1,0,0,1.166015625,6141.39294232442,0.0
sim_0301,6244573,0,1,1,1.16015625,6174.41840828137,10646.61576293193
sim_0302,1368696,0,1,1,1.0734375,5999.149798703896,601.5395682369578
sim_0303,4185608,0,0,0,1.18828125,6126.975829617691,0.0
sim_0304,3969886,1,1,0,1.11328125,6186.241833460159,11878.573862540092
sim_0305,9088575,1,0,1,0.92109375,5691.930794136696,0.0
sim_0306,7263390,1,1,1,1.147265625,6265.134231736674,9999.70093036588
sim_0307,2793371,0,1,1,1.096875,6351.808753221662,6878.899022498985
sim_0308,3520791,0,1,1,1.1953125,6497.629733946014,9115.019540536647
sim_0309,8607895,0,0,0,1.194140625,6563.750262538041,0.0
sim_0310,3470134,0,1,1,1.171875,6281.888744695423,6683.583926462704
sim_0311,9450689,1,1,1,1.06875,6179.41800522424,2798.400505116172
sim_0312,6796797,1,1,0,0.96796875,5664.586520555578,2427.081018603515
sim_0313,2504223,0,0,0,1.1859375,6442.045737753666,0.0
sim_0314,1381657,0,1,0,1.03125,6169.5425495042,14012.122672368649
sim_0315,7587269,1,0,0,1.0453125,5732.9813617862865,0.0
sim_0316,4944160,0,1,0,0.97734375,5684.756325749495,2190.7208809844396
sim_0317,2228558,1,0,1,1.10625,6092.483556493061,0.0
sim_0318,7448462,0,0,1,1.10625,6112.326854137835,0.0
sim_0319,4604436,1,0,0,1.1906249999999998,6155.4443449245155,0.0
sim_0320,6053871,1,1,0,1.003125,4340.702554109651,1377.1851864138453
sim_0321,8033313,0,0,0,1.03125,6158.514853818658,0.0
sim_0322,8084789,0,0,1,1.13671875,4596.22493174618,0.0
sim_0323,8807015,1,0,0,0.94921875,5952.924511355573,0.0
sim_0324,3633811,0,0,0,1.05703125,5957.352831610142,0.0
sim_0325,3806948,0,0,1,0.9421875,5709.141867139009,0.0
sim_0326,6891766,0,1,1,1.156640625,6110.860033511166,3838.7217062361538
sim_0327,6574248,0,0,1,1.0125,5770.720041589533,0.0
sim_0328,4120863,0,0,0,1.1765625,6230.801495881148,0.0
sim_0329,5963005,1,1,1,1.1765625,6090.560272157806,3559.2606200401415
sim_0330,6108409,1,0,1,0.9890625,5743.189422623598,0.0
sim_0331,8802666,0,0,0,0.9421875,5817.273011044466,0.0
sim_0332,9268197,1,1,1,1.10625,6008.079523481504,675.8758282713944
sim_0333,3677899,1,0,0,1.06875,6164.079081116316,0.0
sim_0334,4547707,0,0,1,0.928125,5592.1733252970425,0.0
sim_0335,6456371,0,0,0,0.9046875,5553.378428149062,0.0
sim_0336,3082299,0,0,0,1.08046875,5851.366051590999,0.0
sim_0337,8670237,1,0,1,0.9046875,5529.106044057921,0.0
sim_0338,4417497,0,0,0,1.10859375,6239.009322804531,0.0
sim_0339,3678009,1,1,1,1.1765625,6231.311938701586,2403.6601741885543
sim_0340,3747104,1,1,0,1.1765625,6261.1776324792945,715.7508495299953
sim_0341,5988417,1,1,0,0.92109375,5619.165948006414,1788.541280654756
sim_0342,2885782,1,1,1,1.16015625,6254.758912200864,12706.171487567703
sim_0343,8097775,0,1,1,1.147265625,4432.526632883003,594.2732913116869
sim_0344,6340855,1,0,1,1.16015625,6252.904065126793,0.0
sim_0345,7696304,0,1,1,0.978515625,5739.509769143339,707.9474653043808
sim_0346,1916159,0,1,1,0.97734375,5719.989654015359,5158.861729794771
sim_0347,2503283,0,0,0,1.091015625,6055.020010752843,0.0
sim_0348,9029949,1,1,0,0.9328125,5786.958865922312,8342.077543997735
sim_0349,2871305,1,0,0,1.01015625,5848.566855163619,0.0
sim_0350,6458801,1,0,0,1.11328125,6173.172372324478,0.0
sim_0351,8946936,0,0,1,0.9515625,5826.8897601808685,0.0
sim_0352,9609559,0,0,0,1.0453125,6085.076138440634,0.0
sim_0353,9219887,0,0,1,1.1906249999999998,6174.466856787758,0.0
sim_0354,7479708,1,1,1,1.02421875,5939.308251819087,3505.0827245412693
sim_0355,3611131,1,1,1,0.9515625,5833.022575109765,9023.097688235755
sim_0356,9442265,1,0,1,1.1765625,6245.359259555227,0.0
sim_0357,1094441,1,1,0,1.1859375,6447.258010438689,3325.4717994102875
sim_0358,9614948,0,1,0,0.997265625,5840.248182094732,5809.339530298443
sim_0359,1889592,0,1,0,0.9890625,4231.647497047266,7429.713777933144
sim_0360,2008653,0,1,1,1.01015625,5838.0541034977405,945.8189119785467
sim_0361,6699326,0,1,0,1.1765625,6260.963468714379,1929.293179204055
sim_0362,9172409,1,1,1,1.0453125,6053.2763126784,754.6152769291073
sim_0363,4006484,0,0,1,0.922265625,5565.252603479468,0.0
sim_0364,8038607,0,0,1,0.997265625,5809.151320737471,0.0
sim_0365,3570879,1,1,1,1.17421875,6219.430743153408,1553.381563407912
sim_0366,9018978,1,0,1,1.171875,4576.059788643878,0.0
sim_0367,1151628,0,0,1,0.92109375,5668.874882568045,0.0
sim_0368,3145128,0,0,0,1.021875,5921.350318520378,0.0
sim_0369,2982563,1,1,0,1.1847656249999998,6360.925368026555,6959.065669811904
sim_0370,8994557,0,0,1,1.1015625,5819.503693272023,0.0
sim_0371,6252224,0,0,0,1.081640625,6117.225946920404,0.0
sim_0372,5929942,1,1,0,1.147265625,4472.889588355225,6142.861272460092
sim_0373,7308627,1,1,1,0.9515625,4259.754854852017,2414.4595098117097
sim_0374,2859948,0,1,1,1.00078125,5875.655478802539,1956.9699898909266
sim_0375,9789394,0,0,1,0.9046875,5564.567851161826,0.0
sim_0376,8313336,0,0,0,1.02890625,5869.379750887481,0.0
sim_0377,5251297,0,0,1,1.14140625,6145.46984719796,0.0
sim_0378,5789560,0,0,1,1.10859375,6192.5333980965515,0.0
sim_0379,1269041,0,0,0,1.147265625,6223.733540058554,0.0
sim_0380,2094435,1,1,0,1.156640625,4455.569532232179,805.7214258300119
sim_0381,9719206,1,1,0,1.044140625,5825.104191653597,1360.2154255284888
sim_0382,1207779,1,0,1,1.18359375,6563.662692641278,0.0
sim_0383,5956802,1,0,0,1.1859375,6491.964254380141,0.0
sim_0384,6475305,0,1,0,1.091015625,5987.678918152304,15772.791108853233
sim_0385,4150042,0,1,0,0.94453125,4334.240136815835,6984.0678020318455
sim_0386,5743865,0,1,0,1.0453125,6047.945262097816,7794.096898661711
sim_0387,2592764,0,1,1,1.10390625,6237.67371523681,10585.372804983488
sim_0388,1104130,0,0,0,0.9515625,5881.52926004039,0.0
sim_0389,3778460,0,0,1,1.07109375,6044.457867249779,0.0
sim_0390,2190104,0,0,1,1.0125,5864.836740784848,0.0
sim_0391,1025882,1,1,0,1.0921875,4413.703851228395,12229.43504877255
sim_0392,7781506,0,0,0,1.194140625,6560.1181719503,0.0
sim_0393,8918831,1,0,0,1.0078125,5841.570603413124,0.0
sim_0394,8598075,0,1,1,1.17421875,6223.473618531689,10307.685759056078
sim_0395,2926352,1,1,1,0.928125,5520.949035260136,974.2808701108218
sim_0396,8383202,0,0,1,1.08046875,5908.3737185678765,0.0
sim_0397,2575188,0,0,1,1.166015625,6085.270674626054,0.0
sim_0398,9667493,0,1,0,1.16484375,6146.237757337118,15700.907549896187
sim_0399,4553074,0,0,0,0.928125,5435.63915713278,0.0
sim_0400,4114887,1,0,0,1.04765625,6199.366399674141,0.0
sim_0401,4473994,0,0,1,1.109765625,6346.097339020124,0.0
sim_0402,9289283,0,0,0,1.0359375,5697.394335331579,0.0
sim_0403,5226950,0,0,0,0.922265625,5729.152614594374,0.0
sim_0404,3440003,0,0,1,1.18828125,6161.49130709658,0.0
sim_0405,6501782,0,0,1,1.0171875,6002.503651014637,0.0
sim_0406,5321552,1,0,1,1.1906249999999998,6154.606429136981,0.0
sim_0407,9557485,1,0,1,1.05703125,5964.8683348289915,0.0
sim_0408,2962323,0,1,1,1.194140625,6597.955981962652,6113.154557766888
sim_0409,5431032,0,0,0,1.08046875,5897.842937814535,0.0
sim_0410,1962200,1,0,0,0.984375,5816.49561530902,0.0
sim_0411,5369500,0,0,0,1.115625,5337.48322363308,0.0
sim_0412,4200635,0,0,0,1.06171875,6087.472428638397,0.0
sim_0413,7739400,0,1,1,1.003125,5905.873223012908,17691.334105116362
sim_0414,9463027,0,1,1,0.94921875,5830.504151286632,3430.8751531122393
sim_0415,4894992,0,1,1,1.02421875,5988.580515987224,535.4657975891406
sim_0416,5306331,1,0,1,1.147265625,6129.3518122481855,0.0
sim_0417,4958644,1,1,1,0.97265625,5989.365033091483,11978.462680167428
sim_0418,7232122,0,1,0,0.978515625,5715.213945003139,1393.9363991383414
sim_0419,4673333,0,1,1,1.147265625,6253.474392019346,638.4157057805631
sim_0420,4829356,0,0,0,0.94453125,4821.2374563516105,0.0
sim_0421,3829496,1,0,1,1.02421875,5935.3930258465925,0.0
sim_0422,8927062,1,1,1,0.95859375,5668.472121308923,3432.048683335428
sim_0423,4801387,1,0,0,1.09453125,6253.622352669225,0.0
sim_0424,6491685,0,0,0,1.04765625,4912.715048466852,0.0
sim_0425,5626249,0,1,1,0.9890625,4155.293154337617,7371.272027926339
sim_0426,5799302,0,1,0,1.04296875,5862.431269215116,16279.694816566633
sim_0427,1447321,1,1,0,1.04765625,6102.866913754173,574.2273481871634
sim_0428,9859572,1,1,1,1.10859375,6239.392462074918,3416.9148984656904
sim_0429,4172905,0,0,1,0.97265625,5987.9332041674315,0.0
sim_0430,9292619,1,1,1,1.13671875,6330.397763419198,706.1429645918305
sim_0431,8277318,0,0,1,1.147265625,6254.926603139897,0.0
sim_0432,8172308,0,0,1,0.97734375,5724.0130602405325,0.0
sim_0433,4989767,0,0,1,1.1296875,6177.907724422204,0.0
sim_0434,9771080,0,0,0,1.01015625,5831.737194676471,0.0
sim_0435,3362213,1,1,0,1.194140625,6431.214088704182,10498.781009115868
sim_0436,3618140,0,1,1,0.978515625,5750.62501795192,4287.8380202805165
sim_0437,2128681,1,0,1,0.9515625,5820.00821863786,0.0
sim_0438,4185531,1,0,1,0.90234375,5689.805065507125,0.0
sim_0439,3403529,0,0,1,1.0453125,4339.37982717677,0.0
sim_0440,5087544,1,1,0,1.115625,5957.872207454282,18891.50308945463
sim_0441,6055411,1,1,1,0.9890625,5640.838370223407,3566.750876618683
sim_0442,2534826,0,0,1,1.109765625,6277.269254231471,0.0
sim_0443,1681007,0,1,0,0.922265625,5528.3922436585435,2093.41127455414
sim_0444,4712415,0,1,0,1.147265625,6173.428722733891,1096.8803661836255
sim_0445,9784762,1,1,1,0.9421875,5918.187163845998,14482.812087972825
sim_0446,8546238,1,0,1,0.92578125,5647.453329484167,0.0
sim_0447,7057186,0,1,0,1.096875,6337.935376642756,1087.6691337049142
sim_0448,4146900,0,0,1,1.1859375,4915.330540298095,0.0
sim_0449,7166301,0,0,1,0.9070312500000001,5682.494082094387,0.0
sim_0450,7907496,1,0,1,1.194140625,6607.404497573179,0.0
sim_0451,2977990,1,0,0,1.003125,5812.1284253490385,0.0
sim_0452,9769774,0,1,1,0.922265625,5768.336390307938,4243.23320120033
sim_0453,6256598,1,0,1,1.081640625,6122.603066146437,0.0
sim_0454,2716098,0,1,1,1.1847656249999998,6360.236742338453,2564.3887964163378
sim_0455,3882937,0,0,1,1.04765625,5511.242551653629,0.0
sim_0456,8779427,0,0,1,0.9515625,5824.990649424666,0.0
sim_0457,3215276,0,1,1,1.02421875,5994.800166253246,19025.908051845545
sim_0458,1209424,0,0,1,1.17421875,6222.099767107869,0.0
sim_0459,3414268,0,0,0,0.99609375,5866.922145614834,0.0
sim_0460,1949804,0,0,1,0.95625,5837.616932075566,0.0
sim_0461,4376609,1,1,1,0.9328125,5853.82864958776,2346.067693367019
sim_0462,3991264,0,0,1,0.94453125,5704.00293852913,0.0
sim_0463,8470728,1,0,1,0.96796875,5702.923561327195,0.0
sim_0464,2944735,1,0,0,1.147265625,5995.335673105929,0.0
sim_0465,9584713,0,0,0,1.18828125,6163.547564510135,0.0
sim_0466,3359697,0,1,0,0.9070312500000001,5655.16911157717,7873.299956534247
sim_0467,9627760,0,0,0,0.94453125,5812.618725616037,0.0
sim_0468,9526454,0,1,0,1.02890625,5846.191957460044,4943.559384032081
sim_0469,8856488,1,1,0,1.06640625,5979.511334614434,630.6556360651559
sim_0470,6946407,1,0,1,0.9890625,4285.992879373438,0.0
sim_0471,6904242,1,1,0,0.9046875,5499.508669453601,818.4319468352003
sim_0472,8536342,1,1,1,1.021875,4260.527189992396,2939.2330606593837
sim_0473,3999445,0,1,1,1.166015625,6089.449094835222,775.880368917681
sim_0474,1330867,0,0,1,1.171875,6373.181677657084,0.0
sim_0475,3776536,1,0,1,1.06171875,6126.706481013844,0.0
sim_0476,5809201,0,1,1,1.18359375,6606.368119054625,1865.4389638507416
sim_0477,4535867,1,0,0,1.1906249999999998,6146.561813399259,0.0
sim_0478,9333772,0,1,0,0.984375,5950.417318508988,848.3894858420426
sim_0479,8931680,1,0,1,1.1859375,6401.4025202174025,0.0
sim_0480,3274727,0,1,1,0.96796875,4280.343734931279,1196.1123546695621
sim_0481,5373890,1,1,1,1.147265625,6221.677573685051,1013.8074701827724
sim_0482,9338464,0,1,0,0.95625,5768.394008957867,1902.6002069395538
sim_0483,7527961,0,0,0,1.1765625,6197.4232529246565,0.0
sim_0484,2712392,1,0,0,1.044140625,5834.62816609704,0.0
sim_0485,5019256,1,0,0,1.18359375,6384.424149616875,0.0
sim_0486,3063038,1,1,0,1.10390625,6220.273950058005,780.2419431240386
sim_0487,7804568,0,0,0,0.978515625,5847.892467052882,0.0
sim_0488,5286652,0,1,0,0.94453125,5769.776992079346,731.1851037500883
sim_0489,9789826,0,1,0,0.92109375,5741.768393837927,7425.2511194596855
sim_0490,6553130,0,0,0,1.14140625,6149.97315333043,0.0
sim_0491,8788686,1,1,1,0.9375,4113.41193157781,7258.974049595889
sim_0492,5285416,0,0,1,1.08046875,5759.270437346876,0.0
sim_0493,3735074,0,1,0,0.95625,5762.819763427006,1948.7238689226401
sim_0494,3554171,0,0,1,0.9328125,5868.146716602674,0.0
sim_0495,5214066,1,0,0,0.97265625,5877.798084317675,0.0
sim_0496,4642041,0,1,0,1.06171875,6102.45765243968,687.6401592202118
sim_0497,5092275,1,0,1,1.034765625,5038.611143577367,0.0
sim_0498,1632665,0,1,0,1.10390625,6095.6474413557125,10507.972212489134
sim_0499,9768485,0,0,1,0.9070312500000001,5667.945078623066,0.0
sim_0500,1487760,1,0,1,1.096875,6177.157318233922,0.0
sim_0501,8107097,0,1,0,0.92578125,5569.8174344328545,1182.0872764907617
sim_0502,2387511,1,0,0,1.096875,6384.627581220081,0.0
sim_0503,6331685,1,0,0,1.081640625,5793.642561813458,0.0
sim_0504,5142888,1,1,0,1.01015625,5717.287846627228,5868.47083964289
sim_0505,9200901,0,0,0,1.0078125,5911.898766161202,0.0
sim_0506,4516887,0,1,0,1.021875,5106.708172170064,6563.250910450225
sim_0507,9853670,1,0,1,1.02890625,4458.993638564161,0.0
sim_0508,8426208,0,0,1,0.96796875,5676.357935324313,0.0
sim_0509,5518018,0,0,0,1.1484375,6192.400652566818,0.0
sim_0510,6340718,0,0,0,1.091015625,6036.694609170438,0.0
sim_0511,9004973,1,1,0,1.18828125,6137.073310543663,13297.820530630459
sim_0512,3845064,0,0,1,1.08984375,5972.707316512879,0.0
sim_0513,1407080,0,0,0,1.194140625,6483.302088745733,0.0
sim_0514,4851324,0,1,1,1.04296875,5716.681339697236,906.2075647971208
sim_0515,4956095,1,1,0,0.978515625,5688.065170610031,798.1503957438614
sim_0516,5502712,1,0,1,1.11328125,6052.037349518145,0.0
sim_0517,8873408,0,1,0,1.1906249999999998,6163.528012772635,3874.148566376241
sim_0518,4528455,1,1,1,0.97265625,5614.863017710725,10820.924881727857
sim_0519,5969496,1,1,0,1.02890625,5783.026809744162,13881.473808501518
sim_0520,2605110,1,1,0,1.096875,6356.159088406747,7112.340381909613
sim_0521,9227811,1,1,1,1.17421875,6270.474409667408,3830.8505480384056
sim_0522,3223280,1,0,1,1.04296875,5739.4733759244045,0.0
sim_0523,2510662,0,1,0,0.928125,5582.021264973798,898.2821199052923
sim_0524,8210190,0,1,1,0.9187500000000001,5670.883741762518,503.0818449524708
sim_0525,2890120,1,1,0,0.94921875,5943.368062307545,1151.6544789560842
sim_0526,4799450,1,0,1,1.01015625,5833.458151705871,0.0
sim_0527,6362269,1,1,0,1.044140625,4256.545719307162,9994.079778346186
sim_0528,4667685,0,0,0,0.9609375,5733.370141439642,0.0
sim_0529,8836205,1,1,0,1.194140625,6539.058771834641,5650.497042723879
sim_0530,9398458,1,1,0,1.08984375,5960.092059462359,909.4922162743085
sim_0531,2304648,1,0,1,1.0078125,5408.322262506705,0.0
sim_0532,7493485,1,0,0,1.09453125,6127.999974486859,0.0
sim_0533,3018763,1,0,0,0.96796875,5616.995495200172,0.0
sim_0534,4808824,1,1,1,1.1765625,6234.369231192317,917.7362611913865
sim_0535,1782938,0,1,1,0.978515625,5699.4702052758985,16213.306157717194
sim_0536,9218321,0,0,1,0.9890625,5745.373382027931,0.0
sim_0537,5548160,0,0,1,1.0125,5772.553103203384,0.0
sim_0538,6733170,1,0,0,1.00078125,5695.430889991789,0.0
sim_0539,4801972,1,1,1,1.09453125,6204.344910624141,1420.628284941707
sim_0540,3404946,0,1,0,1.0546875,6012.539004679045,1384.3783837436422
sim_0541,6327903,0,1,0,0.928125,4167.7643714430005,1445.6401808869239
sim_0542,9574721,1,0,1,1.096875,6326.164644976617,0.0
sim_0543,5478813,0,0,1,1.14140625,6129.210366898671,0.0
sim_0544,9464295,1,1,0,1.16015625,6241.833824524017,13695.696476753521
sim_0545,1521540,1,0,1,1.08046875,5817.485914002681,0.0
sim_0546,5781712,0,1,1,1.18828125,6161.343524882415,1823.931385250668
sim_0547,9947513,1,0,1,1.14140625,6096.044735453434,0.0
sim_0548,6016386,1,0,1,0.9375,4936.239091765055,0.0
sim_0549,6044212,0,0,1,1.1765625,6259.726517106557,0.0
sim_0550,7593878,1,1,0,1.18828125,6152.965469118382,3178.3975482918395
sim_0551,9112876,1,1,1,1.15546875,6256.208566655935,11687.213097911448
sim_0552,3713438,0,1,0,1.10859375,6224.393426661166,3793.0926511767466
sim_0553,3651356,0,1,1,1.04765625,6186.293697029288,6067.426676380598
sim_0554,3559601,0,1,1,1.1953125,4717.37107996406,2161.075855884612
sim_0555,3053847,1,0,0,0.9421875,4294.947401213588,0.0
sim_0556,5403050,1,1,0,1.147265625,4507.426545656076,981.9131317874544
sim_0557,4074417,0,0,1,1.17421875,4434.519004233699,0.0
sim_0558,1007564,1,0,0,1.03125,6138.5748686900015,0.0
sim_0559,2685271,0,0,0,1.021875,5820.490793654416,0.0
sim_0560,7120755,1,0,0,0.9304687500000001,5845.058015501943,0.0
sim_0561,1976671,0,1,0,1.109765625,6277.998977984749,889.0827639560995
sim_0562,4483383,0,1,1,1.18359375,6473.619980660575,2339.5203141849597
sim_0563,2492894,0,0,1,1.02421875,5965.057461485081,0.0
sim_0564,2302180,0,1,1,1.16015625,4974.302381054527,15152.77498900724
sim_0565,9206424,1,0,1,1.06171875,6107.517337615589,0.0
sim_0566,5475881,0,1,1,1.17421875,6261.526203350868,3273.6550173697005
sim_0567,6166780,1,0,0,1.16015625,4681.179433711127,0.0
sim_0568,4564192,1,0,1,0.98671875,5894.020277520086,0.0
sim_0569,8549402,0,1,0,1.10390625,6254.139413432397,16622.192128433704
sim_0570,4867565,0,1,1,0.9187500000000001,5573.681497761203,520.687781092723
sim_0571,1282662,1,1,1,0.95859375,4154.88943849336,16063.440995675246
sim_0572,1402030,1,1,1,1.10625,6096.253265250675,6095.6693775953245
sim_0573,5279441,1,1,0,1.01015625,5852.7377135028255,16730.451128620647
sim_0574,5009633,0,0,0,0.922265625,4347.390915901827,0.0
sim_0575,1323961,0,0,1,1.1203125,6255.140699576421,0.0
sim_0576,8579800,0,0,0,0.90234375,5461.361482545625,0.0
sim_0577,4588451,1,0,0,0.9070312500000001,5476.632584881322,0.0
sim_0578,6682679,1,0,1,1.18359375,6404.432655545523,0.0
sim_0579,4371369,0,0,0,1.1296875,6275.033944303698,0.0
sim_0580,4045158,1,1,0,0.9046875,5365.2333927587715,2142.8625042772624
sim_0581,5783787,0,1,1,0.98671875,5726.90380489232,1592.6561090683992
sim_0582,3167850,0,0,1,1.04296875,4199.264604530735,0.0
sim_0583,3213901,1,0,0,1.0359375,5797.478652955632,0.0
sim_0584,7635912,0,1,0,0.95625,5784.320816057831,4857.989799999671
sim_0585,5299573,0,1,1,1.08984375,5949.9344204339095,15945.43354587838
sim_0586,6335722,0,1,0,1.166015625,6190.923646503962,615.5599285191385
sim_0587,4053484,1,1,0,1.1859375,6352.40502352128,9857.531113863002
sim_0588,8115030,0,0,1,1.109765625,6350.719030625007,0.0
sim_0589,3223783,1,0,0,0.903515625,5402.727692247482,0.0
sim_0590,6170244,0,1,1,0.97265625,5989.099312387705,564.599571921868
sim_0591,1052290,0,0,0,1.053515625,5666.464698404597,0.0
sim_0592,8583057,0,1,1,0.99609375,5938.948052675171,12973.611724550916
sim_0593,2375320,0,1,1,0.9304687500000001,5847.362400338093,2940.189964477872
sim_0594,5415679,1,0,1,1.17421875,6224.174626878408,0.0
sim_0595,9727747,1,0,1,0.95859375,5656.281789901569,0.0
sim_0596,1088602,0,0,1,0.922265625,5677.437955099194,0.0
sim_0597,1174964,1,1,1,1.1765625,6273.283873815074,7714.000213022529
sim_0598,1050772,1,1,1,1.10625,6112.0854348417215,1868.0903031503328
sim_0599,6994068,1,0,1,0.9375,5460.755933254185,0.0
sim_0600,2799171,0,1,1,1.0734375,6005.978926150051,10182.986821895312
sim_0601,5322373,1,1,0,0.984375,5856.636419301817,8364.343061508296
sim_0602,8180310,1,1,1,1.02421875,4391.224033616873,13024.981308960738
sim_0603,1002812,1,1,1,1.134375,4424.014497483175,640.6812451565098
sim_0604,1621415,0,1,1,1.109765625,6352.194525601191,11523.820554078118
sim_0605,9795227,0,0,0,0.95625,4253.502678568163,0.0
sim_0606,2513978,1,1,1,1.1906249999999998,6146.719254333857,560.0976034348034
sim_0607,9780967,1,1,1,1.1765625,6243.26515229947,3547.3039007800344
sim_0608,9148811,0,1,0,1.1296875,6293.051081779362,10622.821220983476
sim_0609,3327483,0,1,0,0.98203125,6023.3073680054085,3276.6624310874668
sim_0610,6591551,1,0,0,1.081640625,6123.606578447616,0.0
sim_0611,7387744,1,0,0,1.03125,6106.616961217105,0.0
sim_0612,5157783,1,0,1,1.021875,5867.16418249212,0.0
sim_0613,9752678,0,0,1,0.95859375,5781.213922070734,0.0
sim_0614,5553022,0,0,1,1.1296875,6342.278519183367,0.0
sim_0615,7546553,0,0,0,0.94921875,5940.632341259361,0.0
sim_0616,8060479,1,0,0,1.16484375,6169.473629445445,0.0
sim_0617,1802182,0,1,1,1.0546875,5928.556075356431,14025.338195388435
sim_0618,9102147,1,1,0,0.96796875,5718.104182578545,16809.71168165349
sim_0619,6256676,1,1,0,1.18359375,6529.200427375732,2245.9295481740583
sim_0620,5501388,1,1,1,0.97734375,5570.3555232743865,8095.22896882924
sim_0621,3504911,0,0,0,1.18359375,6542.3728481329135,0.0
sim_0622,2021411,1,0,0,0.92109375,5632.744124673637,0.0
sim_0623,7482205,1,1,0,1.16015625,6284.774248739261,5355.152771001707
sim_0624,1666130,0,0,1,1.1953125,6518.285741316523,0.0
sim_0625,6733598,0,0,1,0.95859375,5774.183719483545,0.0
sim_0626,7997530,1,1,1,0.96796875,5723.248779913774,5233.4876850372775
sim_0627,6323423,1,1,0,0.96796875,5716.652762734668,8692.049627002882
sim_0628,6701039,1,0,1,1.194140625,6585.589759581223,0.0
sim_0629,5725900,0,0,0,0.90234375,5626.245155579728,0.0
sim_0630,1027499,0,0,1,1.147265625,6271.302310867934,0.0
sim_0631,1149564,0,0,1,1.1015625,5909.982083674313,0.0
sim_0632,2604852,1,0,1,0.94453125,5800.434208325767,0.0
sim_0633,3941800,1,0,0,1.1296875,6362.6275041942445,0.0
sim_0634,1107257,1,0,1,1.1765625,6269.916492139373,0.0
sim_0635,7270399,1,0,1,0.984375,5939.556302747232,0.0
sim_0636,1694404,1,0,1,1.0734375,6033.212180521361,0.0
sim_0637,1571101,1,0,1,1.01015625,5839.127601819516,0.0
sim_0638,5175981,0,0,0,0.928125,5524.99616568105,0.0
sim_0639,4941449,1,0,0,1.17421875,6259.243873499966,0.0
sim_0640,2650418,1,1,1,1.01015625,5783.148770131552,703.2995844001567
sim_0641,7183865,0,0,0,1.16484375,6140.141911897599,0.0
sim_0642,9263041,1,0,1,0.9070312500000001,4146.8124606352585,0.0
sim_0643,4567295,0,0,0,1.156640625,6030.737077586534,0.0
sim_0644,2297462,1,0,1,0.98203125,5897.295391381315,0.0
sim_0645,9949788,0,1,1,1.053515625,6184.6914685204665,7234.986926134513
sim_0646,6565785,1,0,1,1.1765625,6265.351601809911,0.0
sim_0647,3924067,1,1,0,0.9890625,5715.571389060371,531.7030719492558
sim_0648,9370336,0,1,0,0.94921875,5858.497796888139,4040.3001441499096
sim_0649,7436798,1,1,1,1.171875,6364.048062233725,13084.231941641458
sim_0650,1646773,0,1,0,1.18359375,6589.391302755215,4547.97304349838
sim_0651,5278859,0,0,1,1.053515625,6192.626544882782,0.0
sim_0652,9277966,0,1,1,1.0125,5844.1221690701295,1902.515882728904
sim_0653,3469066,1,1,0,1.10390625,5365.219323630673,14437.659882998072
sim_0654,3518360,1,0,0,1.0453125,6070.686725413691,0.0
sim_0655,9886882,0,1,0,1.18359375,6560.973839932362,8009.908702072274
sim_0656,9094631,1,1,1,1.021875,5853.596825721275,7546.152043584642
sim_0657,5106586,0,1,0,1.115625,4721.453897889098,6221.717692473712
sim_0658,3826708,0,1,1,1.02890625,5179.518532875188,4373.2282379234375
sim_0659,3091412,0,1,0,1.0453125,6064.970646756674,5150.67896016545
sim_0660,9457173,1,1,0,1.04296875,5826.709102728062,3479.0038043981854
sim_0661,6455311,0,0,0,0.95859375,4538.039835058659,0.0
sim_0662,3692947,0,0,0,0.9070312500000001,5491.0723977736525,0.0
sim_0663,7226837,0,1,0,1.109765625,6330.90738703619,5367.171902855759
sim_0664,6675247,0,1,1,1.1578125,4396.26794541901,1900.6337448990778
sim_0665,7388179,1,1,0,1.17421875,6258.807082479596,5348.811656930285
sim_0666,2086239,0,1,0,1.166015625,6123.632551891454,15146.282092366144
sim_0667,9560901,0,1,1,1.1765625,6206.993794856233,1412.1643829458887
sim_0668,9005391,1,0,1,1.17421875,4445.298688145761,0.0
sim_0669,8788894,0,0,1,1.171875,6305.471588587116,0.0
sim_0670,7271029,0,0,1,0.9187500000000001,5735.403374994664,0.0
sim_0671,3406876,0,0,0,0.92109375,5798.852858873922,0.0
sim_0672,7396342,1,0,0,1.166015625,6181.63017278941,0.0
sim_0673,9833259,0,1,0,1.04296875,5860.302237442353,12648.175750356575
sim_0674,9107569,1,1,1,1.10390625,4526.187659522807,1014.5687061573842
sim_0675,8490451,1,1,1,1.13671875,6342.975032358028,575.5376287724121
sim_0676,7287842,1,1,0,0.9421875,5799.833695669228,680.3370211225363
sim_0677,4209507,0,1,0,0.903515625,5288.4462131662085,12408.020979970355
sim_0678,7961479,0,1,0,1.044140625,5829.116983263645,7462.372774909559
sim_0679,5479866,1,0,0,1.194140625,6531.229734097778,0.0
sim_0680,6533785,0,0,1,1.171875,6309.061626037262,0.0
sim_0681,9156369,0,0,0,1.1203125,6237.516614966985,0.0
sim_0682,6899123,0,0,1,1.096875,4604.619108733576,0.0
sim_0683,9010759,1,0,0,1.0453125,6076.735886810665,0.0
sim_0684,8166595,0,0,1,0.9187500000000001,5640.3876800822745,0.0
sim_0685,6270589,1,1,0,1.091015625,5998.396434169989,4263.028719575016
sim_0686,1333944,1,1,1,1.166015625,6038.9922183117,5205.33152165073
sim_0687,1832196,1,0,1,1.194140625,6610.90273213973,0.0
sim_0688,6738936,1,1,0,1.0125,5865.289704986929,667.6070641211069
sim_0689,3543464,0,1,0,1.14140625,6109.656208142905,844.5070261550445
sim_0690,1893005,0,0,1,1.0546875,5941.835077293142,0.0
sim_0691,2353147,1,0,0,1.1906249999999998,6178.977152224715,0.0
sim_0692,7946605,0,0,1,1.003125,5805.111898902648,0.0
sim_0693,5224860,0,1,1,1.0171875,6061.5786593569865,3956.610701944626
sim_0694,7399901,0,0,0,1.1765625,6242.401660030841,0.0
sim_0695,9520033,1,1,0,0.9046875,5402.09040973081,3226.7657252745134
sim_0696,8394632,1,0,1,1.1847656249999998,6243.282454490041,0.0
sim_0697,3700843,0,0,0,0.98671875,5816.604076449586,0.0
sim_0698,3505515,0,0,0,1.091015625,5905.042418365384,0.0
sim_0699,7427031,1,0,1,1.06640625,5879.705939083115,0.0
sim_0700,5704970,1,0,0,1.18828125,6164.971209560506,0.0
sim_0701,3009918,0,0,0,1.05703125,4289.496016514198,0.0
sim_0702,4501157,1,1,1,1.044140625,5814.975322137907,3638.5518265418186
sim_0703,2955046,1,1,0,1.16015625,6300.317887524882,693.8013260092152
sim_0704,7577112,1,1,0,0.9515625,4217.422874038256,2323.5643053533777
sim_0705,5911427,0,0,0,0.9070312500000001,5389.604125231434,0.0
sim_0706,6022871,0,1,0,0.9187500000000001,5660.8604460716215,824.3247617145487
sim_0707,5151177,1,1,0,1.091015625,6041.017715144227,706.0207463855588
sim_0708,4549650,1,1,1,1.091015625,6050.282609897385,6191.828923047538
sim_0709,2718012,1,0,0,1.171875,6363.286820177246,0.0
sim_0710,9415483,1,1,0,1.081640625,6088.409796315917,3356.1709312881317
sim_0711,6255054,1,0,0,1.06640625,5945.0564366062235,0.0
sim_0712,2363679,1,0,1,0.92578125,5487.4824411110685,0.0
sim_0713,8180810,1,1,1,1.044140625,5893.560232327639,7423.023050306493
sim_0714,7415583,0,1,1,1.06171875,4487.1250695488,1257.3214579918194
sim_0715,2675095,0,1,1,0.94453125,4293.919898007078,11280.160815434778
sim_0716,6491222,1,1,0,1.04296875,5796.369820288434,19258.960405629477
sim_0717,2140771,0,1,0,1.109765625,6333.22880245016,4483.335356104722
sim_0718,6054368,0,1,0,1.10859375,6215.9248665155565,2616.4605938977566
sim_0719,7697822,0,0,1,0.9609375,5620.401989243123,0.0
sim_0720,1072097,1,1,0,1.11328125,6178.265470056914,10990.773655320374
sim_0721,3429806,0,1,1,0.98671875,5736.910139130614,2503.4615937777303
sim_0722,7667031,0,1,1,1.0921875,4900.073382021492,1295.841589026033
sim_0723,9392291,0,1,0,1.0453125,5521.209819355776,1097.4125890294906
sim_0724,2110983,0,1,1,1.14375,4494.278253763338,4706.390753115345
sim_0725,7810199,1,1,1,1.034765625,5912.262796092936,1395.6129190652505
sim_0726,9000289,1,1,0,1.021875,5915.300329415305,1113.586430566009
sim_0727,6464453,1,1,1,1.0640625,6255.22994029793,4566.6370792885355
sim_0728,2105119,1,0,0,0.95859375,5622.868727648091,0.0
sim_0729,6356606,0,0,1,1.1765625,6236.2590206413015,0.0
sim_0730,5415916,0,0,1,1.0640625,6288.624291910181,0.0
sim_0731,1377556,1,0,0,1.0125,4216.307909259781,0.0
sim_0732,2855705,0,1,1,1.1765625,6209.330817554617,4600.636035748301
sim_0733,3851885,0,1,0,0.95859375,5748.348767599855,3296.72303183396
sim_0734,7673694,0,0,0,1.0359375,5787.472570497203,0.0
sim_0735,3127263,1,0,0,1.0453125,6051.522836847568,0.0
sim_0736,2600977,1,0,1,1.14375,6306.9624687616015,0.0
sim_0737,2238185,0,1,0,1.08046875,5893.374893947563,1393.6343932480804
sim_0738,7254682,0,0,0,1.147265625,6264.611431926289,0.0
sim_0739,1414085,1,1,1,1.1953125,6505.606425567225,679.6009602885381
sim_0740,5435389,1,0,0,0.922265625,5764.5543786894095,0.0
sim_0741,2497323,1,1,0,1.171875,4607.73936742492,678.6080220955841
sim_0742,3995194,1,1,1,1.04296875,5839.097161139761,7031.55281145908
sim_0743,6066365,0,1,0,0.97265625,5982.1893120518735,964.1903944124422
sim_0744,6587172,0,1,0,1.03125,6141.624404187543,5607.867349914548
sim_0745,9070743,1,0,1,0.9375,5592.8180904590845,0.0
sim_0746,1224915,1,1,0,1.1859375,6452.848177753649,14604.318639555171
sim_0747,2166089,0,0,0,1.0921875,6203.646333261462,0.0
sim_0748,1761260,1,0,0,1.0921875,6157.55351014263,0.0
sim_0749,6316422,0,0,1,1.1015625,5888.656133299398,0.0
sim_0750,1715015,0,1,1,0.96796875,5726.729820094082,855.5943501618209
sim_0751,5722661,0,0,1,0.9187500000000001,5530.83450573666,0.0
sim_0752,3321314,1,0,0,0.90234375,5504.320584012312,0.0
sim_0753,2992171,0,0,1,1.17421875,6258.283936978386,0.0
sim_0754,3500417,1,0,0,1.1906249999999998,6167.252752668644,0.0
sim_0755,4475325,0,1,1,0.9890625,5745.888199453526,908.3363280577461
sim_0756,2553038,0,1,0,1.1859375,6410.102222124674,2822.30518159168
sim_0757,8951906,0,1,0,1.003125,5927.0998310220675,2331.996868700873
sim_0758,2355276,1,0,0,0.98203125,5968.983150531897,0.0
sim_0759,9468953,1,0,1,1.003125,5839.693447502728,0.0
sim_0760,5628916,1,0,0,0.9304687500000001,5481.063000955353,0.0
sim_0761,3613815,0,0,1,1.1906249999999998,6179.9691797070545,0.0
sim_0762,3962293,0,1,1,0.94453125,5730.868402834577,2188.520043218298
sim_0763,1702680,0,0,0,0.94453125,5789.80554704924,0.0
sim_0764,1761825,0,1,1,1.1953125,5171.193961107921,990.8988559834988
sim_0765,8093068,1,0,1,1.1953125,6500.114550251336,0.0
sim_0766,5991247,0,1,1,0.903515625,5412.859385616634,1955.3703819896928
sim_0767,8919557,1,1,0,0.9046875,5458.04767646767,638.3145896806978
sim_0768,3475618,0,0,1,1.02421875,4864.525704363098,0.0
sim_0769,9731783,1,1,0,1.04296875,5824.3202508930835,12556.70575265876
sim_0770,2747858,0,1,1,0.9328125,4289.474021445395,775.0211711098503
sim_0771,4902639,1,0,1,1.16015625,5646.839341492424,0.0
sim_0772,3532522,0,1,0,0.928125,5582.425290522769,16994.869295711214
sim_0773,5314366,0,1,1,1.14140625,6101.499955665437,1379.9685779117224
sim_0774,2632648,1,1,0,1.0359375,5682.91029462575,3859.6649786878384
sim_0775,1676606,1,1,1,1.13671875,6347.527393367028,7834.656451713118
sim_0776,2572257,0,1,0,1.003125,5758.747402376624,2187.717816381052
sim_0777,2112694,0,0,1,0.9890625,5652.008039594577,0.0
sim_0778,9924694,0,0,1,1.166015625,6174.820888643726,0.0
sim_0779,2596264,1,0,0,1.109765625,6351.277475141981,0.0
sim_0780,9291792,0,1,1,1.115625,4400.43141664164,2253.6331528270507
sim_0781,8352306,1,1,0,1.11328125,6054.415474368321,3218.3733703766648
sim_0782,2356764,1,0,0,1.096875,6219.457042234469,0.0
sim_0783,2615367,1,0,0,1.18359375,6576.996352684859,0.0
sim_0784,8346119,1,0,1,1.1765625,6229.079098850902,0.0
sim_0785,5919762,1,1,0,1.14375,6335.663401257886,14144.386674973823
sim_0786,2165926,1,0,0,1.08046875,5808.266913536622,0.0
sim_0787,2495805,0,1,0,1.17421875,6055.544495683177,2193.2688353175363
sim_0788,9550631,0,1,1,0.94921875,5948.103333721088,7854.41713864529
sim_0789,7118137,1,1,1,1.0640625,6278.968803922528,9418.328714805499
sim_0790,3546531,0,1,1,1.01015625,5850.71959468678,2510.945285803898
sim_0791,1378557,0,0,0,1.1953125,6508.371009384114,0.0
sim_0792,4622771,1,0,1,1.17421875,6192.506210351366,0.0
sim_0793,5357106,1,1,0,1.0734375,5944.254822557342,3241.4363549025898
sim_0794,5593251,1,0,1,1.134375,5556.424430978247,0.0
sim_0795,6231961,1,1,1,1.1015625,5899.036908558093,1247.6185679176574
sim_0796,9802497,0,1,0,0.97265625,5927.713639319768,1387.689257685157
sim_0797,1955177,0,1,1,1.0078125,5938.692407558966,4089.67554787014
sim_0798,5412218,1,0,0,0.98671875,5893.4749892254895,0.0
sim_0799,8049956,0,0,0,0.98671875,4375.165228495321,0.0
sim_0800,1797472,1,1,1,1.0546875,6013.0311122388075,630.8008534784149
sim_0801,5700363,0,1,0,0.9375,5637.507183977229,1557.3188874842767
sim_0802,4356175,0,0,1,1.08515625,5539.287664577212,0.0
sim_0803,7278977,0,1,0,0.96796875,5597.104634314614,13590.343282309781
sim_0804,1081145,0,0,1,1.034765625,5852.758049345908,0.0
sim_0805,2723999,0,0,1,0.98671875,5775.094802168949,0.0
sim_0806,7357980,0,1,1,1.1765625,6223.0543752265085,11058.382311355355
sim_0807,1925062,0,1,0,0.9375,5533.533697690006,12715.225453702413
sim_0808,8117524,1,1,1,0.97734375,5548.593552180878,3268.7892325092025
sim_0809,3761335,0,0,1,1.01015625,5806.86343950119,0.0
sim_0810,3740959,0,0,0,1.1015625,5925.779965904412,0.0
sim_0811,3074148,0,0,1,1.003125,4343.477252176095,0.0
sim_0812,8553333,1,1,0,1.1296875,4536.088207222294,11512.95952148983
sim_0813,7044547,1,1,1,1.021875,5855.934620829954,1486.9594862241647
sim_0814,1400220,1,0,0,1.18359375,6485.184411005618,0.0
sim_0815,6502455,0,1,1,0.92109375,5630.284867218119,1095.5059191604935
sim_0816,9951845,1,0,1,1.134375,6197.477938480148,0.0
sim_0817,6751267,1,1,0,1.13671875,6344.761623592883,1620.9170520985576
sim_0818,3092619,0,1,0,1.18359375,6492.529807904366,588.8701827229158
sim_0819,1549788,1,1,0,0.9609375,5616.648158396266,523.403569423415
sim_0820,4608497,0,0,0,1.0640625,4548.93043196949,0.0
sim_0821,1727211,1,1,0,1.16015625,6237.375537261352,9444.323226540511
sim_0822,2279902,0,1,1,1.10859375,6237.803513033351,5260.437852965651
sim_0823,6840237,0,1,1,1.1203125,6240.8660791537695,1938.3453230650896
sim_0824,9768832,1,1,0,1.147265625,6208.223231993595,554.6379106113171
sim_0825,9285822,1,0,0,0.9609375,5783.9141404082,0.0
sim_0826,7438721,0,1,1,1.156640625,4383.120242715876,12562.182400640664
sim_0827,5307763,0,0,1,1.04296875,5807.844749123514,0.0
sim_0828,7678757,0,1,1,0.99609375,5858.157929155575,2804.064489958753
sim_0829,9498235,0,1,0,1.096875,6384.34088821614,983.6245722726576
sim_0830,3160248,0,0,0,1.053515625,6150.378347942123,0.0
sim_0831,6490554,0,1,0,1.0125,5845.125779333209,12989.454162186312
sim_0832,6233057,0,1,1,0.98203125,5968.032436606395,5994.713128377474
sim_0833,1335262,0,1,0,0.9890625,5536.332428141572,715.049280236616
sim_0834,3112530,0,0,1,1.08984375,5959.206836434881,0.0
sim_0835,2282435,1,0,0,1.14140625,6113.6978913630355,0.0
sim_0836,1632008,1,0,1,1.14140625,6092.606642170558,0.0
sim_0837,7397705,0,0,0,1.18828125,6159.621149882599,0.0
sim_0838,7706356,0,1,1,1.1765625,6239.570457733107,1868.185409171636
sim_0839,6359167,0,0,1,0.928125,5288.753444702724,0.0
sim_0840,8592512,1,0,1,1.15546875,6217.185335382902,0.0
sim_0841,1754639,1,1,0,1.01015625,4208.901121458469,8763.072065710992
sim_0842,4567228,1,0,0,1.1203125,6272.941446233602,0.0
sim_0843,5558507,0,0,1,1.147265625,6228.70642317803,0.0
sim_0844,6131233,1,0,0,0.9890625,5527.980299742027,0.0
sim_0845,8893360,1,1,0,1.17421875,6190.213719117349,10340.308226981993
sim_0846,2522371,0,0,0,0.922265625,5582.785827681539,0.0
sim_0847,4202885,0,1,0,0.94921875,5908.294152802344,2388.8583519636527
sim_0848,5055052,1,0,1,1.1765625,6204.225873376813,0.0
sim_0849,9425890,1,1,1,0.9304687500000001,5860.949806574116,9879.149932829605
sim_0850,5038584,1,0,1,1.0171875,5932.166173353813,0.0
sim_0851,8710781,1,1,0,1.06640625,5987.882548448363,3760.9271831398783
sim_0852,7355130,0,0,1,1.0359375,5697.690139577486,0.0
sim_0853,8809216,0,0,1,1.0078125,5955.524438103643,0.0
sim_0854,2741814,1,1,0,1.18359375,6536.637015215633,777.3507143808188
sim_0855,5000513,0,1,1,0.95859375,5739.046276595711,1323.0497142764168
sim_0856,4257209,0,1,0,0.9304687500000001,5855.27583113872,7904.455329062961
sim_0857,7065651,0,0,0,1.021875,5916.336288761264,0.0
sim_0858,4873794,1,0,0,0.98203125,5943.3138851569165,0.0
sim_0859,6505431,0,0,1,0.922265625,5760.657513287909,0.0
sim_0860,4994961,0,0,1,1.096875,4604.619108733576,0.0
sim_0861,6031628,0,1,0,1.1859375,6459.4043838794,748.7819919897124
sim_0862,5344636,0,0,1,0.96796875,5564.472413270222,0.0
sim_0863,9132683,1,1,1,1.091015625,6052.912806073119,1248.3224502549722
sim_0864,7546112,0,0,0,1.1765625,6255.773159118816,0.0
sim_0865,6649408,0,1,1,1.05,4400.059033513669,5274.587895643398
sim_0866,3253197,1,0,0,1.0171875,5969.936117313887,0.0
sim_0867,2526694,0,1,0,0.98203125,5672.86686818162,10756.228874359253
sim_0868,1101095,0,0,0,1.0078125,5955.628513284442,0.0
sim_0869,2994616,0,0,0,1.01015625,5778.156864058324,0.0
sim_0870,8044347,0,0,0,0.9187500000000001,5620.588269167246,0.0
sim_0871,5685944,1,0,1,1.02421875,5935.673913460342,0.0
sim_0872,1079610,1,1,0,1.10390625,6224.6530044752135,18238.274556305714
sim_0873,7764376,0,1,1,1.15546875,6256.147410644906,11596.235369761802
sim_0874,2607812,0,1,1,1.00078125,5796.065458270266,1153.9292178312865
sim_0875,2540928,0,1,0,1.07109375,6079.490259663999,1684.742520132174
sim_0876,3919372,1,0,1,1.1953125,6535.338895328135,0.0
sim_0877,5327011,0,0,0,0.94453125,5803.362219833947,0.0
sim_0878,6095527,0,1,0,1.00078125,5869.630915944601,5344.679543230378
sim_0879,2195315,0,1,0,0.9421875,5863.181640724825,2190.799759475449
sim_0880,6751873,1,1,0,1.04296875,5821.839155602386,1281.2648533004458
sim_0881,7120292,1,1,1,1.1765625,6217.173527529581,1903.4152037950378
sim_0882,2839578,1,0,0,1.17421875,6233.087734236409,0.0
sim_0883,6932794,1,0,1,0.9609375,5768.10070493982,0.0
sim_0884,6686603,0,1,0,1.06171875,6127.307517547195,2361.3080514351623
sim_0885,3066172,1,0,1,1.034765625,5842.289589498519,0.0
sim_0886,7377473,1,0,0,1.08984375,4304.8198482101325,0.0
sim_0887,7488516,0,1,1,1.0546875,5947.469712293879,4822.304864829408
sim_0888,3010772,0,1,0,0.9046875,5308.853907493799,1727.6718791145015
sim_0889,7167481,1,0,1,1.09453125,6252.633169508962,0.0
sim_0890,7211514,0,0,0,1.003125,5919.657877833851,0.0
sim_0891,8370857,0,0,0,1.14140625,6113.930922296091,0.0
sim_0892,2578402,1,0,1,1.06640625,6014.631753448626,0.0
sim_0893,9740128,1,1,1,1.17421875,6260.9957993869675,18477.994198089207
sim_0894,3232534,1,0,1,1.147265625,6262.493683088202,0.0
sim_0895,7087140,0,0,0,1.16484375,6188.07555978029,0.0
sim_0896,3245126,1,1,0,1.04296875,5849.746971735698,1846.132766654498
sim_0897,3633284,1,0,0,1.02421875,5994.643884913324,0.0
sim_0898,8994053,0,1,0,0.97265625,5992.293838354867,9507.98022163492
sim_0899,2401787,1,0,1,1.166015625,6095.8448305795255,0.0
sim_0900,2685454,1,0,1,1.08046875,5836.024072939275,0.0
sim_0901,9833900,0,0,1,1.194140625,6319.090467375925,0.0
sim_0902,1738578,1,0,0,1.0546875,4441.269029416274,0.0
sim_0903,1450487,0,1,0,1.0125,5729.223750742619,2669.296285670182
sim_0904,7607026,0,1,1,1.044140625,5893.1100746011625,6193.847827549423
sim_0905,5257216,1,1,0,1.1859375,4565.610778279279,2194.569741983209
sim_0906,4672877,0,0,0,1.16015625,6153.668715121948,0.0
sim_0907,1811937,0,1,0,1.0125,5863.834357887635,837.2085592428249
sim_0908,9250943,1,0,0,1.13671875,4586.852907240939,0.0
sim_0909,7058326,0,0,1,1.16484375,6174.916737963998,0.0
sim_0910,5057106,1,1,0,1.08046875,5794.890567941395,919.3073500415347
sim_0911,6887116,0,0,1,1.18359375,6607.814311665002,0.0
sim_0912,8871897,0,0,0,1.13671875,6306.259751852379,0.0
sim_0913,8034181,1,1,0,0.94453125,5734.128053376481,7947.486178987929
sim_0914,4366311,0,1,1,1.10625,6075.904051524855,671.199246620314
sim_0915,3215425,0,0,0,1.003125,4376.222207313875,0.0
sim_0916,5895720,0,0,1,1.13671875,6326.540792650442,0.0
sim_0917,8697581,1,1,1,0.95625,4392.056228326547,770.3456926153355
sim_0918,1010535,1,1,1,0.97734375,5729.598205514245,2752.647352746544
sim_0919,6819400,1,0,1,1.13671875,6326.540792650442,0.0
sim_0920,2651242,0,1,0,1.0921875,6084.984016261458,2394.479624230887
sim_0921,1292422,1,1,1,1.08046875,5910.640860816909,5908.987847041311
sim_0922,6657365,1,1,1,1.14140625,5084.42978756527,3182.7255839867385
sim_0923,5977466,0,1,1,1.1847656249999998,6334.545730453765,3436.4813937289114
sim_0924,4830487,0,0,1,1.156640625,6044.291319834562,0.0
sim_0925,2049195,0,1,0,0.997265625,5939.779737697168,2898.2820142795613
sim_0926,3513350,0,0,0,0.9046875,4019.2143371602215,0.0
sim_0927,6619805,1,1,1,0.928125,5409.050067056887,566.7576834743157
sim_0928,7927738,1,1,0,1.0078125,5910.039609285632,2820.00873116917
sim_0929,2333616,1,0,0,1.14375,6335.282272633133,0.0
sim_0930,4279298,1,1,0,0.9187500000000001,5647.088911154527,9479.509791602182
sim_0931,9361419,0,0,1,1.15546875,5263.44328721037,0.0
sim_0932,7499062,0,0,1,1.156640625,4377.356718061671,0.0
sim_0933,8422810,0,1,0,1.171875,6395.651007911181,11083.533214488934
sim_0934,3054222,1,1,0,0.95859375,5582.133042000804,564.743409150993
sim_0935,8227512,0,1,0,1.156640625,6135.039691364254,10752.653420621362
sim_0936,8127983,0,1,0,1.06640625,5899.54615547882,6615.108246236918
sim_0937,1591723,1,0,1,1.021875,5807.316231495211,0.0
sim_0938,1701563,0,0,1,1.07109375,6089.070008760984,0.0
sim_0939,8973464,0,0,0,1.194140625,6367.269859102548,0.0
sim_0940,8740899,0,1,0,1.1203125,6234.985529925197,3660.2978106368964
sim_0941,8520784,0,0,1,1.044140625,5843.005324085306,0.0
sim_0942,7115036,0,0,0,0.97265625,5880.45335072035,0.0
sim_0943,9958293,0,1,1,0.9609375,4330.193726045077,1006.1122038485394
sim_0944,5090028,1,0,0,0.9046875,4128.216550974209,0.0
sim_0945,6340777,0,1,1,0.9375,5377.152473617313,14605.213248309083
sim_0946,2130295,0,1,1,0.99609375,5940.019309244739,2965.5919201307056
sim_0947,3599999,1,1,1,1.08515625,6225.793346574602,1149.0938397980442
sim_0948,3156674,1,1,0,1.13671875,6315.591413035633,1765.9095734231635
sim_0949,1758433,0,1,1,0.94453125,5810.233972341745,5636.626964249697
sim_0950,3802577,1,1,1,0.9046875,4808.129960992313,3989.3761838231826
sim_0951,6936348,0,0,1,1.02421875,5981.695311111967,0.0
sim_0952,3636098,0,1,1,0.95625,5749.198533338151,6911.065652895139
sim_0953,8247829,1,1,1,1.04765625,6194.280658100568,17180.390179299204
sim_0954,8844586,0,1,1,1.10859375,5613.590829982817,9022.891039803973
sim_0955,2320784,1,0,1,1.09453125,6161.627289141745,0.0
sim_0956,6052723,1,0,0,0.9187500000000001,5706.018794246843,0.0
sim_0957,4731648,1,0,0,1.194140625,4657.4489663199965,0.0
sim_0958,6231063,1,1,1,1.1484375,6189.802633129431,1620.4951830567009
sim_0959,8030085,1,1,1,1.13671875,6347.413983469131,6134.4504914715835
sim_0960,9088674,0,1,0,1.09453125,6260.286098096396,13598.722127796847
sim_0961,3093805,0,1,1,0.903515625,5300.960934445488,1124.3668172660175
sim_0962,3203604,0,0,0,1.147265625,6252.783741527071,0.0
sim_0963,8810816,0,1,1,1.07109375,6071.167892931146,3907.023535736914
sim_0964,8767477,1,1,1,0.92109375,5527.649524870209,9527.847650213967
sim_0965,4614285,1,0,0,1.04765625,4450.311320480683,0.0
sim_0966,5652779,1,1,1,1.1296875,6364.899894971725,15131.972659218127
sim_0967,2783096,0,0,0,1.1203125,6218.295893625436,0.0
sim_0968,5331682,0,1,0,1.04765625,6190.511248343061,4335.5188760200135
sim_0969,3071158,0,1,1,1.1859375,6374.648668558502,1362.9040166721147
sim_0970,8501266,1,0,1,0.92578125,5435.294808832419,0.0
sim_0971,1274830,0,1,0,1.00078125,5805.310086836936,2120.1297193452892
sim_0972,3580423,1,1,0,1.16953125,6373.565143028041,808.2339470547033
sim_0973,4720061,0,1,1,1.053515625,5483.353339761802,13093.77621825899
sim_0974,7798459,0,0,0,1.003125,4734.445497231218,0.0
sim_0975,3252774,1,0,0,1.01015625,5796.516882437158,0.0
sim_0976,8181262,0,1,1,1.06640625,5956.24839785888,718.970599029314
sim_0977,8899699,1,1,1,0.97734375,5624.785032693896,1095.4749868782171
sim_0978,3277844,0,1,0,0.922265625,5726.004174435885,534.2549299094057
sim_0979,2786704,1,0,1,1.109765625,4549.46835019717,0.0
sim_0980,1941704,1,0,1,1.01015625,5774.050648590245,0.0
sim_0981,1268309,0,0,0,1.1203125,4493.001912878388,0.0
sim_0982,1984098,0,0,1,0.9328125,5903.726989519082,0.0
sim_0983,3238844,1,1,0,1.0125,5757.6228979470325,2463.7794263660767
sim_0984,8611009,0,1,0,1.1015625,5822.717139681422,662.1633795658494
sim_0985,1202533,1,1,1,1.17421875,6169.186446132253,3225.8077384593944
sim_0986,2310519,1,1,0,1.166015625,6162.775114840365,12114.314952291448
sim_0987,7100612,1,0,1,0.922265625,5704.958348496194,0.0
sim_0988,6811376,0,1,0,1.05703125,5961.057516645484,924.0362962965363
sim_0989,5279671,1,0,1,1.034765625,5922.481084060445,0.0
sim_0990,4534817,0,0,0,1.1765625,6216.981973902497,0.0
sim_0991,4320620,1,1,0,0.928125,5538.52902106304,2878.7197180674966
sim_0992,5351455,0,1,0,1.115625,4438.232321502365,10005.797086033124
sim_0993,5311889,1,1,0,1.166015625,6155.173723953248,1308.0874344586896
sim_0994,9189273,1,1,0,1.194140625,6429.03878791399,15480.003350864486
sim_0995,2513602,1,1,1,0.98203125,5879.2030745208995,7356.883077001535
sim_0996,6821104,1,1,1,1.11328125,6119.180983759348,842.3532539053999
sim_0997,2802934,1,0,0,1.14375,6320.150289659618,0.0
sim_0998,6672187,1,0,0,1.13671875,6289.1920400378,0.0
sim_0999,5365422,0,0,1,0.92109375,5554.6271215030065,0.0
